pro_com_t,mvt_id,cc_uts,cod_cm,cod_prov,cod_reg,cod_rip,cod_uts,comune,comune_a,den_cm,den_prov,den_reg,den_rip,den_uts,ontopia,pkuid,pro_com,shape_area,shape_leng,sigla,tipo_uts,temp_media_c,precip_media_mm,def_media_mm
081001,,0,0,81,19,5,81,Alcamo,,-,Trapani,Sicilia,Isole,Trapani,https://w3id.org/italia/data/identifiers/cities-identifiers/alphanumeric-istat-code/081001,6519,81001,130971775.312,54302.8651854,TP,Libero consorzio di comuni,17.68887061403509,507.81911764705876,745.3990712074302
081002,,0,0,81,19,5,81,Buseto Palizzolo,,-,Trapani,Sicilia,Isole,Trapani,https://w3id.org/italia/data/identifiers/cities-identifiers/alphanumeric-istat-code/081002,6520,81002,73114744.1401,41712.4864123,TP,Libero consorzio di comuni,17.144285593792173,530.1523279352225,712.0035425101215
081003,,0,0,81,19,5,81,Calatafimi-Segesta,,-,Trapani,Sicilia,Isole,Trapani,https://w3id.org/italia/data/identifiers/cities-identifiers/alphanumeric-istat-code/081003,6521,81003,154632778.334,60545.8454964,TP,Libero consorzio di comuni,17.2264750417711,522.5355889724311,719.3245614035088
081004,,0,0,81,19,5,81,Campobello di Mazara,,-,Trapani,Sicilia,Isole,Trapani,https://w3id.org/italia/data/identifiers/cities-identifiers/alphanumeric-istat-code/081004,6522,81004,65827099.0185,35920.7062226,TP,Libero consorzio di comuni,18.246466307814995,484.9942583732058,751.9773923444976
081005,,0,0,81,19,5,81,Castellammare del Golfo,,-,Trapani,Sicilia,Isole,Trapani,https://w3id.org/italia/data/identifiers/cities-identifiers/alphanumeric-istat-code/081005,6523,81005,126665189.943,61414.915486,TP,Libero consorzio di comuni,17.07813870614035,529.0006578947368,704.3079769736842
081006,,0,0,81,19,5,81,Castelvetrano,,-,Trapani,Sicilia,Isole,Trapani,https://w3id.org/italia/data/identifiers/cities-identifiers/alphanumeric-istat-code/081006,6524,81006,207720127.755,78232.7077038,TP,Libero consorzio di comuni,18.04212909992372,460.9253157894737,696.4592105263159
081007,,0,0,81,19,5,81,Custonaci,,-,Trapani,Sicilia,Isole,Trapani,https://w3id.org/italia/data/identifiers/cities-identifiers/alphanumeric-istat-code/081007,6525,81007,70673596.9824,43826.3398524,TP,Libero consorzio di comuni,17.131279520917673,528.0306680161943,700.1917004048584
081008,,0,0,81,19,5,81,Erice,,-,Trapani,Sicilia,Isole,Trapani,https://w3id.org/italia/data/identifiers/cities-identifiers/alphanumeric-istat-code/081008,6526,81008,47910849.9486,51392.0878405,TP,Libero consorzio di comuni,17.651091507177032,471.47763157894724,662.0672149122807
081009,,0,0,81,19,5,81,Favignana,,-,Trapani,Sicilia,Isole,Trapani,https://w3id.org/italia/data/identifiers/cities-identifiers/alphanumeric-istat-code/081009,6527,81009,38674001.973,59147.069534,TP,Libero consorzio di comuni,17.435117623604473,342.04967105263154,449.6892269736843
081010,,0,0,81,19,5,81,Gibellina,,-,Trapani,Sicilia,Isole,Trapani,https://w3id.org/italia/data/identifiers/cities-identifiers/alphanumeric-istat-code/081010,6528,81010,46592097.1678,40993.9294786,TP,Libero consorzio di comuni,17.182351973684217,522.6961842105263,721.2076315789474
081011,,0,0,81,19,5,81,Marsala,,-,Trapani,Sicilia,Isole,Trapani,https://w3id.org/italia/data/identifiers/cities-identifiers/alphanumeric-istat-code/081011,6529,81011,243627980.927,120618.016171,TP,Libero consorzio di comuni,18.024361685463656,498.7604793233083,737.0805921052631
081012,,0,0,81,19,5,81,Mazara del Vallo,,-,Trapani,Sicilia,Isole,Trapani,https://w3id.org/italia/data/identifiers/cities-identifiers/alphanumeric-istat-code/081012,6530,81012,275112342.816,93271.4025876,TP,Libero consorzio di comuni,18.07268823099415,498.8568421052632,745.3865350877193
081013,,0,0,81,19,5,81,Paceco,,-,Trapani,Sicilia,Isole,Trapani,https://w3id.org/italia/data/identifiers/cities-identifiers/alphanumeric-istat-code/081013,6531,81013,57837277.4424,51699.1640844,TP,Libero consorzio di comuni,18.021037679425838,503.31818181818176,741.4285885167466
081014,,0,0,81,19,5,81,Pantelleria,,-,Trapani,Sicilia,Isole,Trapani,https://w3id.org/italia/data/identifiers/cities-identifiers/alphanumeric-istat-code/081014,6532,81014,84257352.6922,37609.9002534,TP,Libero consorzio di comuni,18.282127192982454,420.5146761133602,735.813157894737
081015,,0,0,81,19,5,81,Partanna,,-,Trapani,Sicilia,Isole,Trapani,https://w3id.org/italia/data/identifiers/cities-identifiers/alphanumeric-istat-code/081015,6533,81015,82466985.3867,44049.293686,TP,Libero consorzio di comuni,17.349255299707597,523.5464912280702,730.398355263158
081016,,0,0,81,19,5,81,Poggioreale,,-,Trapani,Sicilia,Isole,Trapani,https://w3id.org/italia/data/identifiers/cities-identifiers/alphanumeric-istat-code/081016,6534,81016,37808575.2487,31862.7347496,TP,Libero consorzio di comuni,17.416337719298244,514.9296052631581,731.8267543859648
081017,,0,0,81,19,5,81,Salaparuta,,-,Trapani,Sicilia,Isole,Trapani,https://w3id.org/italia/data/identifiers/cities-identifiers/alphanumeric-istat-code/081017,6535,81017,41333798.1689,30165.8723572,TP,Libero consorzio di comuni,17.257943469785577,520.3821637426901,723.5533625730993
081018,,0,0,81,19,5,81,Salemi,,-,Trapani,Sicilia,Isole,Trapani,https://w3id.org/italia/data/identifiers/cities-identifiers/alphanumeric-istat-code/081018,6536,81018,182010418.834,65883.8108537,TP,Libero consorzio di comuni,17.324334954233414,525.6991990846682,724.7286041189931
081019,,0,0,81,19,5,81,Santa Ninfa,,-,Trapani,Sicilia,Isole,Trapani,https://w3id.org/italia/data/identifiers/cities-identifiers/alphanumeric-istat-code/081019,6537,81019,63198823.6918,52973.6771765,TP,Libero consorzio di comuni,17.294308213716103,524.4517942583732,726.6868421052632
081020,,0,0,81,19,5,81,San Vito Lo Capo,,-,Trapani,Sicilia,Isole,Trapani,https://w3id.org/italia/data/identifiers/cities-identifiers/alphanumeric-istat-code/081020,6538,81020,59803582.2729,42862.5855981,TP,Libero consorzio di comuni,17.272264863547747,519.1061403508771,699.3973684210528
081021,,1,0,81,19,5,81,Trapani,,-,Trapani,Sicilia,Isole,Trapani,https://w3id.org/italia/data/identifiers/cities-identifiers/alphanumeric-istat-code/081021,6539,81021,180109042.275,99124.8291907,TP,Libero consorzio di comuni,17.690513157894735,514.8645789473684,731.2322105263157
081022,,0,0,81,19,5,81,Valderice,,-,Trapani,Sicilia,Isole,Trapani,https://w3id.org/italia/data/identifiers/cities-identifiers/alphanumeric-istat-code/081022,6540,81022,52246545.6485,39093.3727755,TP,Libero consorzio di comuni,17.592989309210523,517.3695723684211,724.9838815789473
081023,,0,0,81,19,5,81,Vita,,-,Trapani,Sicilia,Isole,Trapani,https://w3id.org/italia/data/identifiers/cities-identifiers/alphanumeric-istat-code/081023,6541,81023,9149777.64283,15994.2228124,TP,Libero consorzio di comuni,16.524259868421055,543.3953947368421,684.2180921052632
081024,,0,0,81,19,5,81,Petrosino,,-,Trapani,Sicilia,Isole,Trapani,https://w3id.org/italia/data/identifiers/cities-identifiers/alphanumeric-istat-code/081024,6542,81024,45347650.9029,38655.4379553,TP,Libero consorzio di comuni,18.123812134502927,491.97441520467834,733.2368421052632
081025,,0,0,81,19,5,81,Misiliscemi,,-,Trapani,Sicilia,Isole,Trapani,https://w3id.org/italia/data/identifiers/cities-identifiers/alphanumeric-istat-code/081025,6543,81025,92967459.7098,41778.0762075,TP,Libero consorzio di comuni,18.12857624831309,495.3484817813765,737.24504048583
082001,,0,282,82,19,5,282,Alia,,Palermo,-,Sicilia,Isole,Palermo,https://w3id.org/italia/data/identifiers/cities-identifiers/alphanumeric-istat-code/082001,6544,82001,45768248.9461,38448.856483,PA,Città metropolitana,15.120072642543857,535.0430921052631,638.0741776315791
082002,,0,282,82,19,5,282,Alimena,,Palermo,-,Sicilia,Isole,Palermo,https://w3id.org/italia/data/identifiers/cities-identifiers/alphanumeric-istat-code/082002,6545,82002,59708022.9235,54120.0448379,PA,Città metropolitana,15.328490497076018,521.8941885964913,661.0923245614035
082003,,0,282,82,19,5,282,Aliminusa,,Palermo,-,Sicilia,Isole,Palermo,https://w3id.org/italia/data/identifiers/cities-identifiers/alphanumeric-istat-code/082003,6546,82003,13491962.3382,19074.8441435,PA,Città metropolitana,15.98775584795323,520.6903508771929,668.1657894736841
082004,,0,282,82,19,5,282,Altavilla Milicia,,Palermo,-,Sicilia,Isole,Palermo,https://w3id.org/italia/data/identifiers/cities-identifiers/alphanumeric-istat-code/082004,6547,82004,23882856.3852,24137.7574059,PA,Città metropolitana,17.110974049707604,496.9991228070175,715.3984649122807
082005,,0,282,82,19,5,282,Altofonte,,Palermo,-,Sicilia,Isole,Palermo,https://w3id.org/italia/data/identifiers/cities-identifiers/alphanumeric-istat-code/082005,6548,82005,35308473.9579,29590.7228654,PA,Città metropolitana,15.37474643640351,548.1865131578946,629.5595394736843
082006,,0,282,82,19,5,282,Bagheria,,Palermo,-,Sicilia,Isole,Palermo,https://w3id.org/italia/data/identifiers/cities-identifiers/alphanumeric-istat-code/082006,6549,82006,30033631.3732,25018.5394505,PA,Città metropolitana,18.183969298245618,474.53578947368413,771.6078947368421
082007,,0,282,82,19,5,282,Balestrate,,Palermo,-,Sicilia,Isole,Palermo,https://w3id.org/italia/data/identifiers/cities-identifiers/alphanumeric-istat-code/082007,6550,82007,6721842.51343,13992.6816589,PA,Città metropolitana,18.424698464912275,480.14605263157887,778.6338815789472
082008,,0,282,82,19,5,282,Baucina,,Palermo,-,Sicilia,Isole,Palermo,https://w3id.org/italia/data/identifiers/cities-identifiers/alphanumeric-istat-code/082008,6551,82008,24342702.5529,22106.2054655,PA,Città metropolitana,15.569444444444445,535.9535087719298,648.3550438596491
082009,,0,282,82,19,5,282,Belmonte Mezzagno,,Palermo,-,Sicilia,Isole,Palermo,https://w3id.org/italia/data/identifiers/cities-identifiers/alphanumeric-istat-code/082009,6552,82009,29538719.9945,23928.455934,PA,Città metropolitana,16.396418128654982,519.3348684210526,680.4686403508771
082010,,0,282,82,19,5,282,Bisacquino,,Palermo,-,Sicilia,Isole,Palermo,https://w3id.org/italia/data/identifiers/cities-identifiers/alphanumeric-istat-code/082010,6553,82010,64872913.7206,61581.4326878,PA,Città metropolitana,15.918154239766084,543.1057894736842,667.9068421052632
082011,,0,282,82,19,5,282,Bolognetta,,Palermo,-,Sicilia,Isole,Palermo,https://w3id.org/italia/data/identifiers/cities-identifiers/alphanumeric-istat-code/082011,6554,82011,27186219.5302,31113.0274287,PA,Città metropolitana,16.57789884868421,510.1902960526316,694.3628289473684
082012,,0,282,82,19,5,282,Bompietro,,Palermo,-,Sicilia,Isole,Palermo,https://w3id.org/italia/data/identifiers/cities-identifiers/alphanumeric-istat-code/082012,6555,82012,42556866.3145,52899.6359444,PA,Città metropolitana,15.006895711500968,532.3247076023393,639.7271929824562
082013,,0,282,82,19,5,282,Borgetto,,Palermo,-,Sicilia,Isole,Palermo,https://w3id.org/italia/data/identifiers/cities-identifiers/alphanumeric-istat-code/082013,6556,82013,26084270.4822,27699.1120309,PA,Città metropolitana,15.909671052631575,552.3750000000001,655.1397368421053
082014,,0,282,82,19,5,282,Caccamo,,Palermo,-,Sicilia,Isole,Palermo,https://w3id.org/italia/data/identifiers/cities-identifiers/alphanumeric-istat-code/082014,6557,82014,187723447.163,79421.945636,PA,Città metropolitana,16.03348350495805,520.4512013729978,672.4018878718534
082015,,0,282,82,19,5,282,Caltavuturo,,Palermo,-,Sicilia,Isole,Palermo,https://w3id.org/italia/data/identifiers/cities-identifiers/alphanumeric-istat-code/082015,6558,82015,97909601.6577,50203.3702788,PA,Città metropolitana,15.003252923976607,536.9102631578949,629.3649122807018
082016,,0,282,82,19,5,282,Campofelice di Fitalia,,Palermo,-,Sicilia,Isole,Palermo,https://w3id.org/italia/data/identifiers/cities-identifiers/alphanumeric-istat-code/082016,6559,82016,35169186.4787,28289.5221724,PA,Città metropolitana,15.827662037037028,524.9118421052632,663.4714912280701
082017,,0,282,82,19,5,282,Campofelice di Roccella,,Palermo,-,Sicilia,Isole,Palermo,https://w3id.org/italia/data/identifiers/cities-identifiers/alphanumeric-istat-code/082017,6560,82017,14237697.7472,21387.13558,PA,Città metropolitana,17.887291666666663,473.19421052631577,747.2002631578946
082018,,0,282,82,19,5,282,Campofiorito,,Palermo,-,Sicilia,Isole,Palermo,https://w3id.org/italia/data/identifiers/cities-identifiers/alphanumeric-istat-code/082018,6561,82018,22162066.3422,22492.1149554,PA,Città metropolitana,15.093442982456144,562.7731578947369,636.0255263157894
082019,,0,282,82,19,5,282,Camporeale,,Palermo,-,Sicilia,Isole,Palermo,https://w3id.org/italia/data/identifiers/cities-identifiers/alphanumeric-istat-code/082019,6562,82019,38630479.764,35454.9067455,PA,Città metropolitana,17.200486567982455,519.5185855263157,727.2182565789474
082020,,0,282,82,19,5,282,Capaci,,Palermo,-,Sicilia,Isole,Palermo,https://w3id.org/italia/data/identifiers/cities-identifiers/alphanumeric-istat-code/082020,6563,82020,6209094.30575,12268.7275888,PA,Città metropolitana,17.292530153508768,508.6667763157895,716.0161184210526
082021,,0,282,82,19,5,282,Carini,,Palermo,-,Sicilia,Isole,Palermo,https://w3id.org/italia/data/identifiers/cities-identifiers/alphanumeric-istat-code/082021,6564,82021,76223974.6359,52747.6319745,PA,Città metropolitana,17.471896929824563,508.65394736842103,727.3850000000001
082022,,0,282,82,19,5,282,Castelbuono,,Palermo,-,Sicilia,Isole,Palermo,https://w3id.org/italia/data/identifiers/cities-identifiers/alphanumeric-istat-code/082022,6565,82022,60975229.8404,41416.2877486,PA,Città metropolitana,15.063048245614034,537.503216374269,595.0793859649124
082023,,0,282,82,19,5,282,Casteldaccia,,Palermo,-,Sicilia,Isole,Palermo,https://w3id.org/italia/data/identifiers/cities-identifiers/alphanumeric-istat-code/082023,6566,82023,33848278.6482,44156.9499411,PA,Città metropolitana,16.839138645224168,506.02149122807015,705.4720760233918
082024,,0,282,82,19,5,282,Castellana Sicula,,Palermo,-,Sicilia,Isole,Palermo,https://w3id.org/italia/data/identifiers/cities-identifiers/alphanumeric-istat-code/082024,6567,82024,72811627.1273,87367.9827297,PA,Città metropolitana,14.404440789473691,548.9977796052631,611.5191611842106
082025,,0,282,82,19,5,282,Castronovo di Sicilia,,Palermo,-,Sicilia,Isole,Palermo,https://w3id.org/italia/data/identifiers/cities-identifiers/alphanumeric-istat-code/082025,6568,82025,200840348.58,83806.2000239,PA,Città metropolitana,14.64708714721587,554.2176773455378,625.3775171624713
082026,,0,282,82,19,5,282,Cefalà Diana,,Palermo,-,Sicilia,Isole,Palermo,https://w3id.org/italia/data/identifiers/cities-identifiers/alphanumeric-istat-code/082026,6569,82026,8998301.87298,12607.8689635,PA,Città metropolitana,15.506277412280705,532.1720394736843,641.9559210526314
082027,,0,282,82,19,5,282,Cefalù,,Palermo,-,Sicilia,Isole,Palermo,https://w3id.org/italia/data/identifiers/cities-identifiers/alphanumeric-istat-code/082027,6570,82027,65909502.4316,46911.4709552,PA,Città metropolitana,16.030942982456132,513.5357894736842,636.7768421052632
082028,,0,282,82,19,5,282,Cerda,,Palermo,-,Sicilia,Isole,Palermo,https://w3id.org/italia/data/identifiers/cities-identifiers/alphanumeric-istat-code/082028,6571,82028,43934500.4315,31037.7428986,PA,Città metropolitana,16.754516173245612,501.93371710526316,705.6123355263157
082029,,0,282,82,19,5,282,Chiusa Sclafani,,Palermo,-,Sicilia,Isole,Palermo,https://w3id.org/italia/data/identifiers/cities-identifiers/alphanumeric-istat-code/082029,6572,82029,57622883.0698,44059.6235123,PA,Città metropolitana,15.280452551834133,557.5546650717704,640.4505980861245
082030,,0,282,82,19,5,282,Ciminna,,Palermo,-,Sicilia,Isole,Palermo,https://w3id.org/italia/data/identifiers/cities-identifiers/alphanumeric-istat-code/082030,6573,82030,56665016.1448,32934.609499,PA,Città metropolitana,15.990193256578946,523.8249999999999,671.130427631579
082031,,0,282,82,19,5,282,Cinisi,,Palermo,-,Sicilia,Isole,Palermo,https://w3id.org/italia/data/identifiers/cities-identifiers/alphanumeric-istat-code/082031,6574,82031,33287997.3444,24710.8025741,PA,Città metropolitana,17.718804824561406,500.76381578947365,737.1667763157894
082032,,0,282,82,19,5,282,Collesano,,Palermo,-,Sicilia,Isole,Palermo,https://w3id.org/italia/data/identifiers/cities-identifiers/alphanumeric-istat-code/082032,6575,82032,107976419.07,44409.159551,PA,Città metropolitana,16.248026315789478,515.8458502024292,674.8461538461537
082033,,0,282,82,19,5,282,Contessa Entellina,,Palermo,-,Sicilia,Isole,Palermo,https://w3id.org/italia/data/identifiers/cities-identifiers/alphanumeric-istat-code/082033,6576,82033,136714750.078,65178.6330145,PA,Città metropolitana,16.539698753462602,531.4502077562328,694.3902354570637
082034,,0,282,82,19,5,282,Corleone,,Palermo,-,Sicilia,Isole,Palermo,https://w3id.org/italia/data/identifiers/cities-identifiers/alphanumeric-istat-code/082034,6577,82034,229229965.346,112501.139219,PA,Città metropolitana,15.096283272837264,557.3176950998185,635.1639745916516
082035,,0,282,82,19,5,282,Ficarazzi,,Palermo,-,Sicilia,Isole,Palermo,https://w3id.org/italia/data/identifiers/cities-identifiers/alphanumeric-istat-code/082035,6578,82035,3496151.61569,8315.87263101,PA,Città metropolitana,18.227850877192985,473.1805921052631,774.0401315789474
082036,,0,282,82,19,5,282,Gangi,,Palermo,-,Sicilia,Isole,Palermo,https://w3id.org/italia/data/identifiers/cities-identifiers/alphanumeric-istat-code/082036,6579,82036,127658715.559,56050.6734318,PA,Città metropolitana,13.929309210526315,563.0699999999999,582.9411403508772
082037,,0,282,82,19,5,282,Geraci Siculo,,Palermo,-,Sicilia,Isole,Palermo,https://w3id.org/italia/data/identifiers/cities-identifiers/alphanumeric-istat-code/082037,6580,82037,112847841.745,61598.0217311,PA,Città metropolitana,13.802580180921058,566.9854440789475,556.2412828947369
082038,,0,282,82,19,5,282,Giardinello,,Palermo,-,Sicilia,Isole,Palermo,https://w3id.org/italia/data/identifiers/cities-identifiers/alphanumeric-istat-code/082038,6581,82038,12516401.9444,26293.7421769,PA,Città metropolitana,15.587545687134494,558.9905701754386,629.6035087719298
082039,,0,282,82,19,5,282,Giuliana,,Palermo,-,Sicilia,Isole,Palermo,https://w3id.org/italia/data/identifiers/cities-identifiers/alphanumeric-istat-code/082039,6582,82039,24053839.9605,27433.7161487,PA,Città metropolitana,15.53491228070175,554.3228947368422,649.1447368421052
082040,,0,282,82,19,5,282,Godrano,,Palermo,-,Sicilia,Isole,Palermo,https://w3id.org/italia/data/identifiers/cities-identifiers/alphanumeric-istat-code/082040,6583,82040,39353574.9437,30636.1261109,PA,Città metropolitana,14.029194078947368,575.7184210526316,578.2802631578946
082041,,0,282,82,19,5,282,Gratteri,,Palermo,-,Sicilia,Isole,Palermo,https://w3id.org/italia/data/identifiers/cities-identifiers/alphanumeric-istat-code/082041,6584,82041,38527129.002,26921.8234813,PA,Città metropolitana,15.699129660087719,526.0345394736842,630.9715460526317
082042,,0,282,82,19,5,282,Isnello,,Palermo,-,Sicilia,Isole,Palermo,https://w3id.org/italia/data/identifiers/cities-identifiers/alphanumeric-istat-code/082042,6585,82042,50987541.8615,30090.4634203,PA,Città metropolitana,12.15633908991228,623.0963815789473,483.91907894736846
082043,,0,282,82,19,5,282,Isola delle Femmine,,Palermo,-,Sicilia,Isole,Palermo,https://w3id.org/italia/data/identifiers/cities-identifiers/alphanumeric-istat-code/082043,6586,82043,3394493.3903,9638.23361531,PA,Città metropolitana,17.869216008771943,327.9565789473684,495.0986842105263
082044,,0,282,82,19,5,282,Lascari,,Palermo,-,Sicilia,Isole,Palermo,https://w3id.org/italia/data/identifiers/cities-identifiers/alphanumeric-istat-code/082044,6587,82044,10075228.966,14454.3059313,PA,Città metropolitana,17.263475877192974,488.71973684210525,709.0926315789475
082045,,0,282,82,19,5,282,Lercara Friddi,,Palermo,-,Sicilia,Isole,Palermo,https://w3id.org/italia/data/identifiers/cities-identifiers/alphanumeric-istat-code/082045,6588,82045,37515274.592,37536.7839155,PA,Città metropolitana,15.071363304093568,541.0811403508773,640.8859649122809
082046,,0,282,82,19,5,282,Marineo,,Palermo,-,Sicilia,Isole,Palermo,https://w3id.org/italia/data/identifiers/cities-identifiers/alphanumeric-istat-code/082046,6589,82046,33442589.325,35472.5823539,PA,Città metropolitana,15.37436266447368,539.9228618421052,634.6730263157896
082047,,0,282,82,19,5,282,Mezzojuso,,Palermo,-,Sicilia,Isole,Palermo,https://w3id.org/italia/data/identifiers/cities-identifiers/alphanumeric-istat-code/082047,6590,82047,49329454.3337,36190.1321096,PA,Città metropolitana,15.341563109161788,537.7912280701755,636.1219298245613
082048,,0,282,82,19,5,282,Misilmeri,,Palermo,-,Sicilia,Isole,Palermo,https://w3id.org/italia/data/identifiers/cities-identifiers/alphanumeric-istat-code/082048,6591,82048,69394112.1565,44993.8749197,PA,Città metropolitana,16.696792763157898,510.36743421052626,699.0785087719299
082049,,0,282,82,19,5,282,Monreale,,Palermo,-,Sicilia,Isole,Palermo,https://w3id.org/italia/data/identifiers/cities-identifiers/alphanumeric-istat-code/082049,6592,82049,530185696.876,272267.578665,PA,Città metropolitana,16.338083297382802,536.3800258843831,681.9278041415013
082050,,0,282,82,19,5,282,Montelepre,,Palermo,-,Sicilia,Isole,Palermo,https://w3id.org/italia/data/identifiers/cities-identifiers/alphanumeric-istat-code/082050,6593,82050,10351712.0665,15381.8715985,PA,Città metropolitana,15.587545687134494,558.9905701754386,629.6035087719298
082051,,0,282,82,19,5,282,Montemaggiore Belsito,,Palermo,-,Sicilia,Isole,Palermo,https://w3id.org/italia/data/identifiers/cities-identifiers/alphanumeric-istat-code/082051,6594,82051,32292831.0109,27130.4558916,PA,Città metropolitana,15.154705774853815,539.4118421052632,632.4945175438596
082052,,0,282,82,19,5,282,Palazzo Adriano,,Palermo,-,Sicilia,Isole,Palermo,https://w3id.org/italia/data/identifiers/cities-identifiers/alphanumeric-istat-code/082052,6595,82052,129516935.974,91666.681003,PA,Città metropolitana,14.844482655502395,562.1950358851675,630.4966507177033
082053,,1,282,82,19,5,282,Palermo,,Palermo,-,Sicilia,Isole,Palermo,https://w3id.org/italia/data/identifiers/cities-identifiers/alphanumeric-istat-code/082053,6596,82053,160111470.787,74079.0908435,PA,Città metropolitana,17.447685185185183,452.87947368421055,657.8725000000001
082054,,0,282,82,19,5,282,Partinico,,Palermo,-,Sicilia,Isole,Palermo,https://w3id.org/italia/data/identifiers/cities-identifiers/alphanumeric-istat-code/082054,6597,82054,108068820.589,51282.9853505,PA,Città metropolitana,17.63197115384616,506.46002024291494,744.9631578947368
082055,,0,282,82,19,5,282,Petralia Soprana,,Palermo,-,Sicilia,Isole,Palermo,https://w3id.org/italia/data/identifiers/cities-identifiers/alphanumeric-istat-code/082055,6598,82055,55814268.4085,43612.3341676,PA,Città metropolitana,13.396502192982453,577.7432894736844,554.5931578947368
082056,,0,282,82,19,5,282,Petralia Sottana,,Palermo,-,Sicilia,Isole,Palermo,https://w3id.org/italia/data/identifiers/cities-identifiers/alphanumeric-istat-code/082056,6599,82056,177651276.255,122868.524909,PA,Città metropolitana,13.908916666666672,564.2688947368421,589.932052631579
082057,,0,282,82,19,5,282,Piana degli Albanesi,,Palermo,-,Sicilia,Isole,Palermo,https://w3id.org/italia/data/identifiers/cities-identifiers/alphanumeric-istat-code/082057,6600,82057,64834260.1912,44015.4914554,PA,Città metropolitana,14.868141945773527,562.1657894736843,614.7136363636364
082058,,0,282,82,19,5,282,Polizzi Generosa,,Palermo,-,Sicilia,Isole,Palermo,https://w3id.org/italia/data/identifiers/cities-identifiers/alphanumeric-istat-code/082058,6601,82058,135197416.68,86650.4714957,PA,Città metropolitana,13.78558388157895,570.1948026315789,576.4027631578948
082059,,0,282,82,19,5,282,Pollina,,Palermo,-,Sicilia,Isole,Palermo,https://w3id.org/italia/data/identifiers/cities-identifiers/alphanumeric-istat-code/082059,6602,82059,49792443.7128,34609.3576252,PA,Città metropolitana,16.633985136452235,499.66637426900587,658.4703216374269
082060,,0,282,82,19,5,282,Prizzi,,Palermo,-,Sicilia,Isole,Palermo,https://w3id.org/italia/data/identifiers/cities-identifiers/alphanumeric-istat-code/082060,6603,82060,95093612.3993,66423.1908783,PA,Città metropolitana,14.44410453216374,563.012456140351,610.1656140350877
082061,,0,282,82,19,5,282,Roccamena,,Palermo,-,Sicilia,Isole,Palermo,https://w3id.org/italia/data/identifiers/cities-identifiers/alphanumeric-istat-code/082061,6604,82061,33341586.003,33391.3943664,PA,Città metropolitana,17.1485014619883,515.926096491228,723.655043859649
082062,,0,282,82,19,5,282,Roccapalumba,,Palermo,-,Sicilia,Isole,Palermo,https://w3id.org/italia/data/identifiers/cities-identifiers/alphanumeric-istat-code/082062,6605,82062,31675854.2326,31481.6040812,PA,Città metropolitana,16.02717242324561,517.7376644736843,680.4672697368421
082063,,0,282,82,19,5,282,San Cipirello,,Palermo,-,Sicilia,Isole,Palermo,https://w3id.org/italia/data/identifiers/cities-identifiers/alphanumeric-istat-code/082063,6606,82063,20607247.8646,23449.9982324,PA,Città metropolitana,16.835756578947368,528.9842105263158,707.3202631578947
082064,,0,282,82,19,5,282,San Giuseppe Jato,,Palermo,-,Sicilia,Isole,Palermo,https://w3id.org/italia/data/identifiers/cities-identifiers/alphanumeric-istat-code/082064,6607,82064,30020209.1835,35204.8362545,PA,Città metropolitana,15.95168585526316,551.4248355263157,662.9284539473684
082065,,0,282,82,19,5,282,San Mauro Castelverde,,Palermo,-,Sicilia,Isole,Palermo,https://w3id.org/italia/data/identifiers/cities-identifiers/alphanumeric-istat-code/082065,6608,82065,114406287.6,55799.5360208,PA,Città metropolitana,14.88852876676987,542.5270897832818,587.6438854489164
082066,,0,282,82,19,5,282,Santa Cristina Gela,,Palermo,-,Sicilia,Isole,Palermo,https://w3id.org/italia/data/identifiers/cities-identifiers/alphanumeric-istat-code/082066,6609,82066,38762540.6914,41057.5311102,PA,Città metropolitana,14.99085115131579,554.2944078947369,617.6203947368422
082067,,0,282,82,19,5,282,Santa Flavia,,Palermo,-,Sicilia,Isole,Palermo,https://w3id.org/italia/data/identifiers/cities-identifiers/alphanumeric-istat-code/082067,6610,82067,14323410.2841,26385.7045371,PA,Città metropolitana,18.04549524853801,477.7427631578948,764.954605263158
082068,,0,282,82,19,5,282,Sciara,,Palermo,-,Sicilia,Isole,Palermo,https://w3id.org/italia/data/identifiers/cities-identifiers/alphanumeric-istat-code/082068,6611,82068,31130853.2394,29175.2938694,PA,Città metropolitana,17.046859335839603,494.6345864661654,716.2270676691732
082069,,0,282,82,19,5,282,Sclafani Bagni,,Palermo,-,Sicilia,Isole,Palermo,https://w3id.org/italia/data/identifiers/cities-identifiers/alphanumeric-istat-code/082069,6612,82069,135271534.737,105107.873833,PA,Città metropolitana,15.168962445175438,534.7635416666668,640.727850877193
082070,,0,282,82,19,5,282,Termini Imerese,,Palermo,-,Sicilia,Isole,Palermo,https://w3id.org/italia/data/identifiers/cities-identifiers/alphanumeric-istat-code/082070,6613,82070,76820648.8466,62930.5891505,PA,Città metropolitana,17.137989505012534,492.18956766917285,720.0565789473686
082071,,0,282,82,19,5,282,Terrasini,,Palermo,-,Sicilia,Isole,Palermo,https://w3id.org/italia/data/identifiers/cities-identifiers/alphanumeric-istat-code/082071,6614,82071,19907909.3521,25953.202488,PA,Città metropolitana,18.08912646198831,491.344298245614,762.6300438596492
082072,,0,282,82,19,5,282,Torretta,,Palermo,-,Sicilia,Isole,Palermo,https://w3id.org/italia/data/identifiers/cities-identifiers/alphanumeric-istat-code/082072,6615,82072,25920707.0592,34131.2410168,PA,Città metropolitana,16.846091791979948,521.040037593985,693.978195488722
082073,,0,282,82,19,5,282,Trabia,,Palermo,-,Sicilia,Isole,Palermo,https://w3id.org/italia/data/identifiers/cities-identifiers/alphanumeric-istat-code/082073,6616,82073,21804045.7388,25656.2040326,PA,Città metropolitana,17.140635964912285,494.53499999999997,715.5455263157894
082074,,0,282,82,19,5,282,Trappeto,,Palermo,-,Sicilia,Isole,Palermo,https://w3id.org/italia/data/identifiers/cities-identifiers/alphanumeric-istat-code/082074,6617,82074,4003959.60562,13691.7124347,PA,Città metropolitana,18.409032346491237,482.3233552631578,780.6842105263158
082075,,0,282,82,19,5,282,Ustica,,Palermo,-,Sicilia,Isole,Palermo,https://w3id.org/italia/data/identifiers/cities-identifiers/alphanumeric-istat-code/082075,6618,82075,8452058.59159,11378.8437766,PA,Città metropolitana,18.330756578947366,498.7167763157894,742.9184210526315
082076,,0,282,82,19,5,282,Valledolmo,,Palermo,-,Sicilia,Isole,Palermo,https://w3id.org/italia/data/identifiers/cities-identifiers/alphanumeric-istat-code/082076,6619,82076,25869782.4495,22716.9322683,PA,Città metropolitana,14.463267543859647,550.2710526315789,608.432105263158
082077,,0,282,82,19,5,282,Ventimiglia di Sicilia,,Palermo,-,Sicilia,Isole,Palermo,https://w3id.org/italia/data/identifiers/cities-identifiers/alphanumeric-istat-code/082077,6620,82077,27100018.7502,31745.4783362,PA,Città metropolitana,16.013205866228077,526.2651315789474,667.4800986842104
082078,,0,282,82,19,5,282,Vicari,,Palermo,-,Sicilia,Isole,Palermo,https://w3id.org/italia/data/identifiers/cities-identifiers/alphanumeric-istat-code/082078,6621,82078,86133817.2654,50199.0466476,PA,Città metropolitana,15.670473057644106,528.4190789473685,664.110620300752
082079,,0,282,82,19,5,282,Villabate,,Palermo,-,Sicilia,Isole,Palermo,https://w3id.org/italia/data/identifiers/cities-identifiers/alphanumeric-istat-code/082079,6622,82079,3864880.69179,8062.11992952,PA,Città metropolitana,18.129632675438597,476.3828947368421,769.6184210526314
082080,,0,282,82,19,5,282,Villafrati,,Palermo,-,Sicilia,Isole,Palermo,https://w3id.org/italia/data/identifiers/cities-identifiers/alphanumeric-istat-code/082080,6623,82080,25760007.6523,27443.8156226,PA,Città metropolitana,15.911010599415206,524.0975877192983,664.4146929824561
082081,,0,282,82,19,5,282,Scillato,,Palermo,-,Sicilia,Isole,Palermo,https://w3id.org/italia/data/identifiers/cities-identifiers/alphanumeric-istat-code/082081,6624,82081,31798900.4522,29224.4610517,PA,Città metropolitana,14.86810428849902,549.9377192982456,613.2505847953216
082082,,0,282,82,19,5,282,Blufi,,Palermo,-,Sicilia,Isole,Palermo,https://w3id.org/italia/data/identifiers/cities-identifiers/alphanumeric-istat-code/082082,6625,82082,22183970.9009,32673.5638567,PA,Città metropolitana,14.73492324561403,539.601480263158,622.0314144736842
083001,,0,283,83,19,5,283,Alcara li Fusi,,Messina,-,Sicilia,Isole,Messina,https://w3id.org/italia/data/identifiers/cities-identifiers/alphanumeric-istat-code/083001,6626,83001,63052102.6244,39965.4712136,ME,Città metropolitana,12.63649820574163,636.5935406698565,453.11866028708124
083002,,0,283,83,19,5,283,Alì,,Messina,-,Sicilia,Isole,Messina,https://w3id.org/italia/data/identifiers/cities-identifiers/alphanumeric-istat-code/083002,6627,83002,16064133.8098,20741.5734996,ME,Città metropolitana,15.74837719298246,738.4439473684209,469.47710526315785
083003,,0,283,83,19,5,283,Alì Terme,,Messina,-,Sicilia,Isole,Messina,https://w3id.org/italia/data/identifiers/cities-identifiers/alphanumeric-istat-code/083003,6628,83003,5984185.16127,14673.9241105,ME,Città metropolitana,17.74718567251463,558.546052631579,405.31151315789464
083004,,0,283,83,19,5,283,Antillo,,Messina,-,Sicilia,Isole,Messina,https://w3id.org/italia/data/identifiers/cities-identifiers/alphanumeric-istat-code/083004,6629,83004,43789941.0624,29803.206483,ME,Città metropolitana,14.374060150375941,672.050939849624,469.71033834586467
083005,,0,283,83,19,5,283,Barcellona Pozzo di Gotto,,Messina,-,Sicilia,Isole,Messina,https://w3id.org/italia/data/identifiers/cities-identifiers/alphanumeric-istat-code/083005,6630,83005,59256872.1616,34862.701905,ME,Città metropolitana,17.005723684210523,698.1394736842105,530.1393421052632
083006,,0,283,83,19,5,283,Basicò,,Messina,-,Sicilia,Isole,Messina,https://w3id.org/italia/data/identifiers/cities-identifiers/alphanumeric-istat-code/083006,6631,83006,12034771.3036,15292.2060044,ME,Città metropolitana,15.402174707602335,649.0052631578948,508.46798245614036
083007,,0,283,83,19,5,283,Brolo,,Messina,-,Sicilia,Isole,Messina,https://w3id.org/italia/data/identifiers/cities-identifiers/alphanumeric-istat-code/083007,6632,83007,7614227.58817,13830.8818648,ME,Città metropolitana,17.080921052631563,600.7638157894737,593.0210526315791
083008,,0,283,83,19,5,283,Capizzi,,Messina,-,Sicilia,Isole,Messina,https://w3id.org/italia/data/identifiers/cities-identifiers/alphanumeric-istat-code/083008,6633,83008,69959622.1473,41672.8579987,ME,Città metropolitana,11.91109740497076,628.5945175438596,466.8274122807018
083009,,0,283,83,19,5,283,Capo d'Orlando,,Messina,-,Sicilia,Isole,Messina,https://w3id.org/italia/data/identifiers/cities-identifiers/alphanumeric-istat-code/083009,6634,83009,14760826.4483,21747.4521797,ME,Città metropolitana,17.33991228070176,463.3734210526315,495.94736842105266
083010,,0,283,83,19,5,283,Capri Leone,,Messina,-,Sicilia,Isole,Messina,https://w3id.org/italia/data/identifiers/cities-identifiers/alphanumeric-istat-code/083010,6635,83010,6637881.20078,11316.5878957,ME,Città metropolitana,16.422898391812872,583.2171052631578,587.4122807017546
083011,,0,283,83,19,5,283,Caronia,,Messina,-,Sicilia,Isole,Messina,https://w3id.org/italia/data/identifiers/cities-identifiers/alphanumeric-istat-code/083011,6636,83011,227203119.47,61867.6536001,ME,Città metropolitana,14.261291475972541,584.2145881006865,528.2606979405035
083012,,0,283,83,19,5,283,Casalvecchio Siculo,,Messina,-,Sicilia,Isole,Messina,https://w3id.org/italia/data/identifiers/cities-identifiers/alphanumeric-istat-code/083012,6637,83012,33801933.9533,30822.2435333,ME,Città metropolitana,15.1984570802005,685.4776315789475,490.202067669173
083013,,0,283,83,19,5,283,Castel di Lucio,,Messina,-,Sicilia,Isole,Messina,https://w3id.org/italia/data/identifiers/cities-identifiers/alphanumeric-istat-code/083013,6638,83013,28750324.299,24439.3859482,ME,Città metropolitana,13.880274122807029,570.5394736842106,545.4094736842104
083014,,0,283,83,19,5,283,Castell'Umberto,,Messina,-,Sicilia,Isole,Messina,https://w3id.org/italia/data/identifiers/cities-identifiers/alphanumeric-istat-code/083014,6639,83014,11464591.9038,15732.8739372,ME,Città metropolitana,15.465833333333332,604.0447368421052,533.2265789473684
083015,,0,283,83,19,5,283,Castelmola,,Messina,-,Sicilia,Isole,Messina,https://w3id.org/italia/data/identifiers/cities-identifiers/alphanumeric-istat-code/083015,6640,83015,16894247.1517,16462.9231949,ME,Città metropolitana,16.403906250000006,665.3736842105264,559.2046052631579
083016,,0,283,83,19,5,283,Castroreale,,Messina,-,Sicilia,Isole,Messina,https://w3id.org/italia/data/identifiers/cities-identifiers/alphanumeric-istat-code/083016,6641,83016,53033886.0999,38791.8528597,ME,Città metropolitana,15.563596491228068,686.73125,489.9442434210526
083017,,0,283,83,19,5,283,Cesarò,,Messina,-,Sicilia,Isole,Messina,https://w3id.org/italia/data/identifiers/cities-identifiers/alphanumeric-istat-code/083017,6642,83017,217051469.042,102408.230949,ME,Città metropolitana,12.173182017543867,633.7817368421053,463.4585789473685
083018,,0,283,83,19,5,283,Condrò,,Messina,-,Sicilia,Isole,Messina,https://w3id.org/italia/data/identifiers/cities-identifiers/alphanumeric-istat-code/083018,6643,83018,5290157.46496,13693.1420851,ME,Città metropolitana,17.744997258771924,751.7598684210526,502.68651315789475
083019,,0,283,83,19,5,283,Falcone,,Messina,-,Sicilia,Isole,Messina,https://w3id.org/italia/data/identifiers/cities-identifiers/alphanumeric-istat-code/083019,6644,83019,9341961.66666,14438.5047199,ME,Città metropolitana,17.116546052631577,644.159210526316,577.8852631578948
083020,,0,283,83,19,5,283,Ficarra,,Messina,-,Sicilia,Isole,Messina,https://w3id.org/italia/data/identifiers/cities-identifiers/alphanumeric-istat-code/083020,6645,83020,18815354.2213,19480.0178693,ME,Città metropolitana,16.397162828947362,605.1069078947369,563.38125
083021,,0,283,83,19,5,283,Fiumedinisi,,Messina,-,Sicilia,Isole,Messina,https://w3id.org/italia/data/identifiers/cities-identifiers/alphanumeric-istat-code/083021,6646,83021,36323007.9613,37826.7878402,ME,Città metropolitana,14.578378563596496,720.2657894736842,434.9077302631579
083022,,0,283,83,19,5,283,Floresta,,Messina,-,Sicilia,Isole,Messina,https://w3id.org/italia/data/identifiers/cities-identifiers/alphanumeric-istat-code/083022,6647,83022,31248197.9523,25374.2238964,ME,Città metropolitana,10.962536549707607,664.6756578947368,397.46776315789475
083023,,0,283,83,19,5,283,Fondachelli-Fantina,,Messina,-,Sicilia,Isole,Messina,https://w3id.org/italia/data/identifiers/cities-identifiers/alphanumeric-istat-code/083023,6648,83023,42147078.67,29410.545704,ME,Città metropolitana,14.434851973684207,664.9630263157894,471.7982894736841
083024,,0,283,83,19,5,283,Forza d'Agrò,,Messina,-,Sicilia,Isole,Messina,https://w3id.org/italia/data/identifiers/cities-identifiers/alphanumeric-istat-code/083024,6649,83024,11378669.645,22413.3082294,ME,Città metropolitana,17.22474415204677,688.6578947368421,569.6021929824561
083025,,0,283,83,19,5,283,Francavilla di Sicilia,,Messina,-,Sicilia,Isole,Messina,https://w3id.org/italia/data/identifiers/cities-identifiers/alphanumeric-istat-code/083025,6650,83025,82626965.8476,40132.4144461,ME,Città metropolitana,14.087313596491228,648.9761842105262,484.8317105263159
083026,,0,283,83,19,5,283,Frazzanò,,Messina,-,Sicilia,Isole,Messina,https://w3id.org/italia/data/identifiers/cities-identifiers/alphanumeric-istat-code/083026,6651,83026,6663104.19169,11984.7580572,ME,Città metropolitana,15.089226973684205,598.7440789473683,530.5190789473686
083027,,0,283,83,19,5,283,Furci Siculo,,Messina,-,Sicilia,Isole,Messina,https://w3id.org/italia/data/identifiers/cities-identifiers/alphanumeric-istat-code/083027,6652,83027,18227213.8505,29318.1046156,ME,Città metropolitana,15.778344298245623,605.3793233082707,427.34736842105264
083028,,0,283,83,19,5,283,Furnari,,Messina,-,Sicilia,Isole,Messina,https://w3id.org/italia/data/identifiers/cities-identifiers/alphanumeric-istat-code/083028,6653,83028,13514882.5707,17924.2645741,ME,Città metropolitana,17.827604166666664,660.9101973684211,590.2197368421054
083029,,0,283,83,19,5,283,Gaggi,,Messina,-,Sicilia,Isole,Messina,https://w3id.org/italia/data/identifiers/cities-identifiers/alphanumeric-istat-code/083029,6654,83029,7813270.85736,11513.197874,ME,Città metropolitana,16.370970394736858,660.4125000000001,558.6138157894736
083030,,0,283,83,19,5,283,Galati Mamertino,,Messina,-,Sicilia,Isole,Messina,https://w3id.org/italia/data/identifiers/cities-identifiers/alphanumeric-istat-code/083030,6655,83030,39461976.0666,29648.9742641,ME,Città metropolitana,12.683744517543852,636.698245614035,444.48728070175434
083031,,0,283,83,19,5,283,Gallodoro,,Messina,-,Sicilia,Isole,Messina,https://w3id.org/italia/data/identifiers/cities-identifiers/alphanumeric-istat-code/083031,6656,83031,6917137.41785,13056.7256551,ME,Città metropolitana,16.936787280701747,685.240789473684,562.4469298245613
083032,,0,283,83,19,5,283,Giardini-Naxos,,Messina,-,Sicilia,Isole,Messina,https://w3id.org/italia/data/identifiers/cities-identifiers/alphanumeric-istat-code/083032,6657,83032,5184719.06663,12055.0306917,ME,Città metropolitana,17.929495614035087,648.3017543859651,627.1995614035087
083033,,0,283,83,19,5,283,Gioiosa Marea,,Messina,-,Sicilia,Isole,Messina,https://w3id.org/italia/data/identifiers/cities-identifiers/alphanumeric-istat-code/083033,6658,83033,26568295.7706,27309.1366839,ME,Città metropolitana,16.673209064327484,620.461403508772,566.2359649122807
083034,,0,283,83,19,5,283,Graniti,,Messina,-,Sicilia,Isole,Messina,https://w3id.org/italia/data/identifiers/cities-identifiers/alphanumeric-istat-code/083034,6659,83034,10039741.2662,16410.8561676,ME,Città metropolitana,15.869385964912283,657.6486842105263,540.1002631578947
083035,,0,283,83,19,5,283,Gualtieri Sicaminò,,Messina,-,Sicilia,Isole,Messina,https://w3id.org/italia/data/identifiers/cities-identifiers/alphanumeric-istat-code/083035,6660,83035,14020316.3272,21238.2095167,ME,Città metropolitana,16.386151315789473,734.742894736842,467.52684210526314
083036,,0,283,83,19,5,283,Itala,,Messina,-,Sicilia,Isole,Messina,https://w3id.org/italia/data/identifiers/cities-identifiers/alphanumeric-istat-code/083036,6661,83036,11116993.4732,15832.8477683,ME,Città metropolitana,15.971619152046785,743.6416666666665,473.0565789473685
083037,,0,283,83,19,5,283,Leni,,Messina,-,Sicilia,Isole,Messina,https://w3id.org/italia/data/identifiers/cities-identifiers/alphanumeric-istat-code/083037,6662,83037,8794634.37657,13102.4349332,ME,Città metropolitana,17.439199561403516,658.4907894736842,556.047807017544
083038,,0,283,83,19,5,283,Letojanni,,Messina,-,Sicilia,Isole,Messina,https://w3id.org/italia/data/identifiers/cities-identifiers/alphanumeric-istat-code/083038,6663,83038,6844889.54883,14348.8031336,ME,Città metropolitana,17.26321271929824,683.3846491228069,578.1671052631579
083039,,0,283,83,19,5,283,Librizzi,,Messina,-,Sicilia,Isole,Messina,https://w3id.org/italia/data/identifiers/cities-identifiers/alphanumeric-istat-code/083039,6664,83039,23640392.3763,21371.853268,ME,Città metropolitana,15.51166849415204,633.9013157894736,517.7105263157895
083040,,0,283,83,19,5,283,Limina,,Messina,-,Sicilia,Isole,Messina,https://w3id.org/italia/data/identifiers/cities-identifiers/alphanumeric-istat-code/083040,6665,83040,9730205.42956,13689.8708341,ME,Città metropolitana,15.711385233918127,681.1390350877192,515.1486842105263
083041,,0,283,83,19,5,283,Lipari,,Messina,-,Sicilia,Isole,Messina,https://w3id.org/italia/data/identifiers/cities-identifiers/alphanumeric-istat-code/083041,6666,83041,90890149.4666,99745.5310077,ME,Città metropolitana,17.784965016708433,543.0287955465587,456.7060222672065
083042,,0,283,83,19,5,283,Longi,,Messina,-,Sicilia,Isole,Messina,https://w3id.org/italia/data/identifiers/cities-identifiers/alphanumeric-istat-code/083042,6667,83042,42097374.0373,50401.648614,ME,Città metropolitana,12.528223684210527,637.6292105263158,448.5439473684211
083043,,0,283,83,19,5,283,Malfa,,Messina,-,Sicilia,Isole,Messina,https://w3id.org/italia/data/identifiers/cities-identifiers/alphanumeric-istat-code/083043,6668,83043,8864881.19926,15251.8422805,ME,Città metropolitana,17.11126644736843,655.6802631578948,549.517105263158
083044,,0,283,83,19,5,283,Malvagna,,Messina,-,Sicilia,Isole,Messina,https://w3id.org/italia/data/identifiers/cities-identifiers/alphanumeric-istat-code/083044,6669,83044,6514601.32286,14129.8103539,ME,Città metropolitana,13.757986111111117,639.1285087719297,488.53201754385964
083045,,0,283,83,19,5,283,Mandanici,,Messina,-,Sicilia,Isole,Messina,https://w3id.org/italia/data/identifiers/cities-identifiers/alphanumeric-istat-code/083045,6670,83045,11765128.4899,15168.5178581,ME,Città metropolitana,15.56530975877193,709.4674342105262,488.95230263157896
083046,,0,283,83,19,5,283,Mazzarrà Sant'Andrea,,Messina,-,Sicilia,Isole,Messina,https://w3id.org/italia/data/identifiers/cities-identifiers/alphanumeric-istat-code/083046,6671,83046,6678458.71587,14013.1312963,ME,Città metropolitana,17.146491228070175,663.6674342105264,562.3266447368421
083047,,0,283,83,19,5,283,Merì,,Messina,-,Sicilia,Isole,Messina,https://w3id.org/italia/data/identifiers/cities-identifiers/alphanumeric-istat-code/083047,6672,83047,1774493.66435,7227.55395529,ME,Città metropolitana,18.348999451754384,717.452302631579,562.5773026315788
083048,,1,283,83,19,5,283,Messina,,Messina,-,Sicilia,Isole,Messina,https://w3id.org/italia/data/identifiers/cities-identifiers/alphanumeric-istat-code/083048,6673,83048,212784742.532,86211.6492673,ME,Città metropolitana,17.487898532388662,770.9970272904485,451.7776315789474
083049,,0,283,83,19,5,283,Milazzo,,Messina,-,Sicilia,Isole,Messina,https://w3id.org/italia/data/identifiers/cities-identifiers/alphanumeric-istat-code/083049,6674,83049,24759721.2477,31491.6873769,ME,Città metropolitana,18.747793311403505,477.0131578947368,385.6771929824561
083050,,0,283,83,19,5,283,Militello Rosmarino,,Messina,-,Sicilia,Isole,Messina,https://w3id.org/italia/data/identifiers/cities-identifiers/alphanumeric-istat-code/083050,6675,83050,29547582.0971,41671.7304334,ME,Città metropolitana,13.690398848684211,618.9417763157894,493.06480263157897
083051,,0,283,83,19,5,283,Mirto,,Messina,-,Sicilia,Isole,Messina,https://w3id.org/italia/data/identifiers/cities-identifiers/alphanumeric-istat-code/083051,6676,83051,9313547.21115,14350.7959122,ME,Città metropolitana,15.897066885964911,594.3559210526315,559.8680921052633
083052,,0,283,83,19,5,283,Mistretta,,Messina,-,Sicilia,Isole,Messina,https://w3id.org/italia/data/identifiers/cities-identifiers/alphanumeric-istat-code/083052,6677,83052,127327392.687,52692.3812696,ME,Città metropolitana,13.7126012145749,580.1136639676114,527.7443319838058
083053,,0,283,83,19,5,283,Moio Alcantara,,Messina,-,Sicilia,Isole,Messina,https://w3id.org/italia/data/identifiers/cities-identifiers/alphanumeric-istat-code/083053,6678,83053,8693061.85444,11450.8936966,ME,Città metropolitana,14.05194627192983,634.6039473684209,501.9296052631579
083054,,0,283,83,19,5,283,Monforte San Giorgio,,Messina,-,Sicilia,Isole,Messina,https://w3id.org/italia/data/identifiers/cities-identifiers/alphanumeric-istat-code/083054,6679,83054,32270970.756,42055.6796043,ME,Città metropolitana,16.758781897926635,752.3612440191388,475.1557416267943
083055,,0,283,83,19,5,283,Mongiuffi Melia,,Messina,-,Sicilia,Isole,Messina,https://w3id.org/italia/data/identifiers/cities-identifiers/alphanumeric-istat-code/083055,6680,83055,24179996.9759,22776.5814732,ME,Città metropolitana,15.224163925438601,672.3901315789475,507.0404605263157
083056,,0,283,83,19,5,283,Montagnareale,,Messina,-,Sicilia,Isole,Messina,https://w3id.org/italia/data/identifiers/cities-identifiers/alphanumeric-istat-code/083056,6681,83056,16341091.6494,16736.3513989,ME,Città metropolitana,15.718322368421052,625.9073684210528,529.1699999999998
083057,,0,283,83,19,5,283,Montalbano Elicona,,Messina,-,Sicilia,Isole,Messina,https://w3id.org/italia/data/identifiers/cities-identifiers/alphanumeric-istat-code/083057,6682,83057,67473749.6257,46969.6666708,ME,Città metropolitana,13.886011904761903,645.5045112781954,472.6392857142857
083058,,0,283,83,19,5,283,Motta Camastra,,Messina,-,Sicilia,Isole,Messina,https://w3id.org/italia/data/identifiers/cities-identifiers/alphanumeric-istat-code/083058,6683,83058,25403427.6891,21202.9643499,ME,Città metropolitana,15.106038533834582,656.7332706766917,514.2035714285714
083059,,0,283,83,19,5,283,Motta d'Affermo,,Messina,-,Sicilia,Isole,Messina,https://w3id.org/italia/data/identifiers/cities-identifiers/alphanumeric-istat-code/083059,6684,83059,14386617.9483,18944.5093531,ME,Città metropolitana,16.722574013157896,510.33486842105265,655.4157894736843
083060,,0,283,83,19,5,283,Naso,,Messina,-,Sicilia,Isole,Messina,https://w3id.org/italia/data/identifiers/cities-identifiers/alphanumeric-istat-code/083060,6685,83060,36808229.8277,26159.8867071,ME,Città metropolitana,16.944782529239767,591.4440789473684,595.5094298245614
083061,,0,283,83,19,5,283,Nizza di Sicilia,,Messina,-,Sicilia,Isole,Messina,https://w3id.org/italia/data/identifiers/cities-identifiers/alphanumeric-istat-code/083061,6686,83061,13936403.6732,23814.4259236,ME,Città metropolitana,15.673739035087731,601.801754385965,401.3447368421052
083062,,0,283,83,19,5,283,Novara di Sicilia,,Messina,-,Sicilia,Isole,Messina,https://w3id.org/italia/data/identifiers/cities-identifiers/alphanumeric-istat-code/083062,6687,83062,49075205.0373,33543.1175646,ME,Città metropolitana,14.867723997493739,660.2667293233083,486.18439849624053
083063,,0,283,83,19,5,283,Oliveri,,Messina,-,Sicilia,Isole,Messina,https://w3id.org/italia/data/identifiers/cities-identifiers/alphanumeric-istat-code/083063,6688,83063,10730269.433,13640.8817287,ME,Città metropolitana,17.425438596491226,638.2980263157896,593.4233552631579
083064,,0,283,83,19,5,283,Pace del Mela,,Messina,-,Sicilia,Isole,Messina,https://w3id.org/italia/data/identifiers/cities-identifiers/alphanumeric-istat-code/083064,6689,83064,12252576.3135,16535.3042081,ME,Città metropolitana,18.32214912280703,739.0819078947368,542.0884868421052
083065,,0,283,83,19,5,283,Pagliara,,Messina,-,Sicilia,Isole,Messina,https://w3id.org/italia/data/identifiers/cities-identifiers/alphanumeric-istat-code/083065,6690,83065,14404563.7113,28624.3306078,ME,Città metropolitana,15.712673611111116,711.0282894736841,493.8410087719298
083066,,0,283,83,19,5,283,Patti,,Messina,-,Sicilia,Isole,Messina,https://w3id.org/italia/data/identifiers/cities-identifiers/alphanumeric-istat-code/083066,6691,83066,49733618.2442,35153.8566132,ME,Città metropolitana,16.626315789473683,632.9131578947369,562.8621710526314
083067,,0,283,83,19,5,283,Pettineo,,Messina,-,Sicilia,Isole,Messina,https://w3id.org/italia/data/identifiers/cities-identifiers/alphanumeric-istat-code/083067,6692,83067,30491431.1257,29713.4761105,ME,Città metropolitana,14.844170321637435,549.5756578947369,580.030043859649
083068,,0,283,83,19,5,283,Piraino,,Messina,-,Sicilia,Isole,Messina,https://w3id.org/italia/data/identifiers/cities-identifiers/alphanumeric-istat-code/083068,6693,83068,16787622.0474,17294.8180013,ME,Città metropolitana,16.843238304093557,459.45789473684215,431.04769736842104
083069,,0,283,83,19,5,283,Raccuja,,Messina,-,Sicilia,Isole,Messina,https://w3id.org/italia/data/identifiers/cities-identifiers/alphanumeric-istat-code/083069,6694,83069,25210939.0265,28442.0076371,ME,Città metropolitana,12.535408834586466,642.9398496240601,430.98815789473684
083070,,0,283,83,19,5,283,Reitano,,Messina,-,Sicilia,Isole,Messina,https://w3id.org/italia/data/identifiers/cities-identifiers/alphanumeric-istat-code/083070,6695,83070,14275919.8562,18131.6238865,ME,Città metropolitana,15.906003289473679,531.2513157894736,616.9754385964914
083071,,0,283,83,19,5,283,Roccafiorita,,Messina,-,Sicilia,Isole,Messina,https://w3id.org/italia/data/identifiers/cities-identifiers/alphanumeric-istat-code/083071,6696,83071,1190929.58711,5920.63800226,ME,Città metropolitana,14.874040570175447,673.4342105263158,488.29078947368413
083072,,0,283,83,19,5,283,Roccalumera,,Messina,-,Sicilia,Isole,Messina,https://w3id.org/italia/data/identifiers/cities-identifiers/alphanumeric-istat-code/083072,6697,83072,8832603.39496,18025.4146111,ME,Città metropolitana,16.899355811403517,727.6411184210525,524.7644736842104
083073,,0,283,83,19,5,283,Roccavaldina,,Messina,-,Sicilia,Isole,Messina,https://w3id.org/italia/data/identifiers/cities-identifiers/alphanumeric-istat-code/083073,6698,83073,7260077.21806,12231.1610262,ME,Città metropolitana,17.459448099415194,768.5526315789474,478.0473684210526
083074,,0,283,83,19,5,283,Roccella Valdemone,,Messina,-,Sicilia,Isole,Messina,https://w3id.org/italia/data/identifiers/cities-identifiers/alphanumeric-istat-code/083074,6699,83074,41313623.1298,32594.4967595,ME,Città metropolitana,12.760056390977445,643.1199248120301,455.7022556390978
083075,,0,283,83,19,5,283,Rodì Milici,,Messina,-,Sicilia,Isole,Messina,https://w3id.org/italia/data/identifiers/cities-identifiers/alphanumeric-istat-code/083075,6700,83075,36099257.991,38491.5542735,ME,Città metropolitana,16.488395467836263,675.882456140351,529.5251461988304
083076,,0,283,83,19,5,283,Rometta,,Messina,-,Sicilia,Isole,Messina,https://w3id.org/italia/data/identifiers/cities-identifiers/alphanumeric-istat-code/083076,6701,83076,31974100.8578,35377.5926141,ME,Città metropolitana,16.59965734649123,771.4401315789474,451.64983552631577
083077,,0,283,83,19,5,283,San Filippo del Mela,,Messina,-,Sicilia,Isole,Messina,https://w3id.org/italia/data/identifiers/cities-identifiers/alphanumeric-istat-code/083077,6702,83077,9967159.49595,15595.142284,ME,Città metropolitana,18.23490497076024,733.5271929824561,541.5035087719299
083078,,0,283,83,19,5,283,San Fratello,,Messina,-,Sicilia,Isole,Messina,https://w3id.org/italia/data/identifiers/cities-identifiers/alphanumeric-istat-code/083078,6703,83078,67580676.1264,44908.5190705,ME,Città metropolitana,13.877277327935227,606.186943319838,508.01356275303647
083079,,0,283,83,19,5,283,San Marco d'Alunzio,,Messina,-,Sicilia,Isole,Messina,https://w3id.org/italia/data/identifiers/cities-identifiers/alphanumeric-istat-code/083079,6704,83079,26286600.923,20678.5030475,ME,Città metropolitana,15.581350511695916,591.3515350877192,554.5853070175439
083080,,0,283,83,19,5,283,San Pier Niceto,,Messina,-,Sicilia,Isole,Messina,https://w3id.org/italia/data/identifiers/cities-identifiers/alphanumeric-istat-code/083080,6705,83080,36872737.2386,40051.2857164,ME,Città metropolitana,16.293201754385965,743.0229532163742,466.716081871345
083081,,0,283,83,19,5,283,San Piero Patti,,Messina,-,Sicilia,Isole,Messina,https://w3id.org/italia/data/identifiers/cities-identifiers/alphanumeric-istat-code/083081,6706,83081,41880176.0699,30628.3122623,ME,Città metropolitana,13.373997493734334,641.3016917293234,453.1838345864661
083082,,0,283,83,19,5,283,San Salvatore di Fitalia,,Messina,-,Sicilia,Isole,Messina,https://w3id.org/italia/data/identifiers/cities-identifiers/alphanumeric-istat-code/083082,6707,83082,14904771.6573,17278.9527263,ME,Città metropolitana,14.814451754385956,607.3865789473683,513.3449999999999
083083,,0,283,83,19,5,283,Santa Domenica Vittoria,,Messina,-,Sicilia,Isole,Messina,https://w3id.org/italia/data/identifiers/cities-identifiers/alphanumeric-istat-code/083083,6708,83083,20213376.0094,27031.9168402,ME,Città metropolitana,12.662476503759404,641.2911654135339,458.5109022556391
083084,,0,283,83,19,5,283,Sant'Agata di Militello,,Messina,-,Sicilia,Isole,Messina,https://w3id.org/italia/data/identifiers/cities-identifiers/alphanumeric-istat-code/083084,6709,83084,34260627.0207,31243.8440927,ME,Città metropolitana,16.066987781954897,574.7411654135338,584.4614661654134
083085,,0,283,83,19,5,283,Sant'Alessio Siculo,,Messina,-,Sicilia,Isole,Messina,https://w3id.org/italia/data/identifiers/cities-identifiers/alphanumeric-istat-code/083085,6710,83085,6187614.0492,14293.5849398,ME,Città metropolitana,18.09694809941519,697.9377192982456,595.6293859649122
083086,,0,283,83,19,5,283,Santa Lucia del Mela,,Messina,-,Sicilia,Isole,Messina,https://w3id.org/italia/data/identifiers/cities-identifiers/alphanumeric-istat-code/083086,6711,83086,86016988.3827,45253.5115005,ME,Città metropolitana,15.498944627192985,715.344298245614,461.54057017543863
083087,,0,283,83,19,5,283,Santa Marina Salina,,Messina,-,Sicilia,Isole,Messina,https://w3id.org/italia/data/identifiers/cities-identifiers/alphanumeric-istat-code/083087,6712,83087,8726848.09439,12671.973266,ME,Città metropolitana,17.488185307017552,661.558552631579,555.6888157894737
083088,,0,283,83,19,5,283,Sant'Angelo di Brolo,,Messina,-,Sicilia,Isole,Messina,https://w3id.org/italia/data/identifiers/cities-identifiers/alphanumeric-istat-code/083088,6713,83088,30272678.3119,23914.8510534,ME,Città metropolitana,15.154440789473677,620.3516917293233,510.68571428571425
083089,,0,283,83,19,5,283,Santa Teresa di Riva,,Messina,-,Sicilia,Isole,Messina,https://w3id.org/italia/data/identifiers/cities-identifiers/alphanumeric-istat-code/083089,6714,83089,8069342.18857,19938.6571331,ME,Città metropolitana,17.622258771929825,573.0802631578947,448.5352631578946
083090,,0,283,83,19,5,283,San Teodoro,,Messina,-,Sicilia,Isole,Messina,https://w3id.org/italia/data/identifiers/cities-identifiers/alphanumeric-istat-code/083090,6715,83090,13707245.8563,18559.8243999,ME,Città metropolitana,13.16582602339181,607.3675438596489,512.4771929824564
083091,,0,283,83,19,5,283,Santo Stefano di Camastra,,Messina,-,Sicilia,Isole,Messina,https://w3id.org/italia/data/identifiers/cities-identifiers/alphanumeric-istat-code/083091,6716,83091,21979895.2715,20756.1234099,ME,Città metropolitana,15.576361476608183,542.2339912280702,597.1703947368421
083092,,0,283,83,19,5,283,Saponara,,Messina,-,Sicilia,Isole,Messina,https://w3id.org/italia/data/identifiers/cities-identifiers/alphanumeric-istat-code/083092,6717,83092,26320597.9306,26545.0999559,ME,Città metropolitana,16.186907894736844,774.6076315789475,434.4131578947369
083093,,0,283,83,19,5,283,Savoca,,Messina,-,Sicilia,Isole,Messina,https://w3id.org/italia/data/identifiers/cities-identifiers/alphanumeric-istat-code/083093,6718,83093,8786858.28988,15836.9952414,ME,Città metropolitana,17.31502192982455,706.6421052631579,557.2950657894736
083094,,0,283,83,19,5,283,Scaletta Zanclea,,Messina,-,Sicilia,Isole,Messina,https://w3id.org/italia/data/identifiers/cities-identifiers/alphanumeric-istat-code/083094,6719,83094,4803986.17274,9595.10899632,ME,Città metropolitana,17.43865131578946,573.0059210526316,382.2075657894738
083095,,0,283,83,19,5,283,Sinagra,,Messina,-,Sicilia,Isole,Messina,https://w3id.org/italia/data/identifiers/cities-identifiers/alphanumeric-istat-code/083095,6720,83095,23739971.0587,22428.1658807,ME,Città metropolitana,14.920751096491228,614.5627192982456,505.73245614035085
083096,,0,283,83,19,5,283,Spadafora,,Messina,-,Sicilia,Isole,Messina,https://w3id.org/italia/data/identifiers/cities-identifiers/alphanumeric-istat-code/083096,6721,83096,10672472.7178,14114.0568287,ME,Città metropolitana,18.187774122807017,766.9293859649123,513.9583333333334
083097,,0,283,83,19,5,283,Taormina,,Messina,-,Sicilia,Isole,Messina,https://w3id.org/italia/data/identifiers/cities-identifiers/alphanumeric-istat-code/083097,6722,83097,12589937.2982,23962.5387474,ME,Città metropolitana,17.611873433583963,660.0203007518796,604.8560150375939
083098,,0,283,83,19,5,283,Torregrotta,,Messina,-,Sicilia,Isole,Messina,https://w3id.org/italia/data/identifiers/cities-identifiers/alphanumeric-istat-code/083098,6723,83098,4153758.24093,9900.17559044,ME,Città metropolitana,18.5642269736842,760.1434210526315,534.1934210526315
083099,,0,283,83,19,5,283,Tortorici,,Messina,-,Sicilia,Isole,Messina,https://w3id.org/italia/data/identifiers/cities-identifiers/alphanumeric-istat-code/083099,6724,83099,70269895.6486,51140.4316224,ME,Città metropolitana,11.765578609986505,653.7891700404858,416.5775303643725
083100,,0,283,83,19,5,283,Tripi,,Messina,-,Sicilia,Isole,Messina,https://w3id.org/italia/data/identifiers/cities-identifiers/alphanumeric-istat-code/083100,6725,83100,54847052.1067,46167.2992922,ME,Città metropolitana,15.411092836257309,653.0545321637426,511.2897660818714
083101,,0,283,83,19,5,283,Tusa,,Messina,-,Sicilia,Isole,Messina,https://w3id.org/italia/data/identifiers/cities-identifiers/alphanumeric-istat-code/083101,6726,83101,41228823.5277,29625.6121584,ME,Città metropolitana,16.146436403508776,517.7669407894737,635.1870065789474
083102,,0,283,83,19,5,283,Ucria,,Messina,-,Sicilia,Isole,Messina,https://w3id.org/italia/data/identifiers/cities-identifiers/alphanumeric-istat-code/083102,6727,83102,26308333.8647,25351.6967366,ME,Città metropolitana,12.459100877192984,641.2056390977443,431.83721804511276
083103,,0,283,83,19,5,283,Valdina,,Messina,-,Sicilia,Isole,Messina,https://w3id.org/italia/data/identifiers/cities-identifiers/alphanumeric-istat-code/083103,6728,83103,2668333.41994,8286.16402523,ME,Città metropolitana,18.133205409356716,762.9995614035088,513.9118421052631
083104,,0,283,83,19,5,283,Venetico,,Messina,-,Sicilia,Isole,Messina,https://w3id.org/italia/data/identifiers/cities-identifiers/alphanumeric-istat-code/083104,6729,83104,4367942.90947,11137.440068,ME,Città metropolitana,18.208963815789467,766.15,514.3615131578947
083105,,0,283,83,19,5,283,Villafranca Tirrena,,Messina,-,Sicilia,Isole,Messina,https://w3id.org/italia/data/identifiers/cities-identifiers/alphanumeric-istat-code/083105,6730,83105,14290254.1117,18438.2662273,ME,Città metropolitana,16.920408442982463,785.6246710526315,447.87565789473683
083106,,0,283,83,19,5,283,Terme Vigliatore,,Messina,-,Sicilia,Isole,Messina,https://w3id.org/italia/data/identifiers/cities-identifiers/alphanumeric-istat-code/083106,6731,83106,13300948.7837,17795.8413798,ME,Città metropolitana,18.26629203216374,671.5232456140352,598.7502192982456
083107,,0,283,83,19,5,283,Acquedolci,,Messina,-,Sicilia,Isole,Messina,https://w3id.org/italia/data/identifiers/cities-identifiers/alphanumeric-istat-code/083107,6732,83107,12823703.8599,18611.5325437,ME,Città metropolitana,16.79594298245615,552.1937500000001,622.5815789473684
083108,,0,283,83,19,5,283,Torrenova,,Messina,-,Sicilia,Isole,Messina,https://w3id.org/italia/data/identifiers/cities-identifiers/alphanumeric-istat-code/083108,6733,83108,13031406.9743,17759.7052908,ME,Città metropolitana,17.217719298245626,474.85307017543863,517.1353070175438
084001,,1,0,84,19,5,84,Agrigento,,-,Agrigento,Sicilia,Isole,Agrigento,https://w3id.org/italia/data/identifiers/cities-identifiers/alphanumeric-istat-code/084001,6734,84001,243201262.635,134326.290985,AG,Libero consorzio di comuni,17.654141907187327,459.9938455008489,788.5396434634976
084002,,0,0,84,19,5,84,Alessandria della Rocca,,-,Agrigento,Sicilia,Isole,Agrigento,https://w3id.org/italia/data/identifiers/cities-identifiers/alphanumeric-istat-code/084002,6735,84002,62567148.345,37721.1227778,AG,Libero consorzio di comuni,16.769557416267936,505.5753588516747,727.5483253588517
084003,,0,0,84,19,5,84,Aragona,,-,Agrigento,Sicilia,Isole,Agrigento,https://w3id.org/italia/data/identifiers/cities-identifiers/alphanumeric-istat-code/084003,6736,84003,74724653.7774,58589.5605588,AG,Libero consorzio di comuni,17.30711805555556,475.049451754386,776.5155701754385
084004,,0,0,84,19,5,84,Bivona,,-,Agrigento,Sicilia,Isole,Agrigento,https://w3id.org/italia/data/identifiers/cities-identifiers/alphanumeric-istat-code/084004,6737,84004,88940052.1174,65326.1545549,AG,Libero consorzio di comuni,16.18975877192982,527.3460526315789,699.1490350877192
084005,,0,0,84,19,5,84,Burgio,,-,Agrigento,Sicilia,Isole,Agrigento,https://w3id.org/italia/data/identifiers/cities-identifiers/alphanumeric-istat-code/084005,6738,84005,42435327.0103,32024.9831086,AG,Libero consorzio di comuni,15.540917397660825,550.005701754386,654.1932017543859
084006,,0,0,84,19,5,84,Calamonaci,,-,Agrigento,Sicilia,Isole,Agrigento,https://w3id.org/italia/data/identifiers/cities-identifiers/alphanumeric-istat-code/084006,6739,84006,32722059.6143,35448.846986,AG,Libero consorzio di comuni,17.609173976608187,490.7461988304094,760.1950292397662
084007,,0,0,84,19,5,84,Caltabellotta,,-,Agrigento,Sicilia,Isole,Agrigento,https://w3id.org/italia/data/identifiers/cities-identifiers/alphanumeric-istat-code/084007,6740,84007,124476462.903,58167.4945849,AG,Libero consorzio di comuni,16.798616486068106,521.3866873065015,708.340866873065
084008,,0,0,84,19,5,84,Camastra,,-,Agrigento,Sicilia,Isole,Agrigento,https://w3id.org/italia/data/identifiers/cities-identifiers/alphanumeric-istat-code/084008,6741,84008,16444597.9234,19763.2747146,AG,Libero consorzio di comuni,16.96371984649123,464.3072368421053,778.28125
084009,,0,0,84,19,5,84,Cammarata,,-,Agrigento,Sicilia,Isole,Agrigento,https://w3id.org/italia/data/identifiers/cities-identifiers/alphanumeric-istat-code/084009,6742,84009,192649682.624,95974.7215846,AG,Libero consorzio di comuni,15.418092105263161,531.1118969298246,667.2252192982456
084010,,0,0,84,19,5,84,Campobello di Licata,,-,Agrigento,Sicilia,Isole,Agrigento,https://w3id.org/italia/data/identifiers/cities-identifiers/alphanumeric-istat-code/084010,6743,84010,81548353.3744,53759.0552898,AG,Libero consorzio di comuni,17.3266447368421,444.69859022556386,805.5729323308269
084011,,0,0,84,19,5,84,Canicattì,,-,Agrigento,Sicilia,Isole,Agrigento,https://w3id.org/italia/data/identifiers/cities-identifiers/alphanumeric-istat-code/084011,6744,84011,91822336.586,45660.2792309,AG,Libero consorzio di comuni,16.261142037786776,486.7550607287449,737.348886639676
084012,,0,0,84,19,5,84,Casteltermini,,-,Agrigento,Sicilia,Isole,Agrigento,https://w3id.org/italia/data/identifiers/cities-identifiers/alphanumeric-istat-code/084012,6745,84012,99652754.6044,46832.1641866,AG,Libero consorzio di comuni,16.73391812865497,497.0668859649124,737.5938596491229
084013,,0,0,84,19,5,84,Castrofilippo,,-,Agrigento,Sicilia,Isole,Agrigento,https://w3id.org/italia/data/identifiers/cities-identifiers/alphanumeric-istat-code/084013,6746,84013,18230967.55,23202.3475149,AG,Libero consorzio di comuni,16.239866593567246,492.6614035087719,732.3570175438596
084014,,0,0,84,19,5,84,Cattolica Eraclea,,-,Agrigento,Sicilia,Isole,Agrigento,https://w3id.org/italia/data/identifiers/cities-identifiers/alphanumeric-istat-code/084014,6747,84014,61493039.0433,51163.3949195,AG,Libero consorzio di comuni,17.79842273954116,472.7022267206478,771.2107287449392
084015,,0,0,84,19,5,84,Cianciana,,-,Agrigento,Sicilia,Isole,Agrigento,https://w3id.org/italia/data/identifiers/cities-identifiers/alphanumeric-istat-code/084015,6748,84015,37886253.5212,33114.1382063,AG,Libero consorzio di comuni,17.34757858187134,490.58026315789476,755.8754385964912
084016,,0,0,84,19,5,84,Comitini,,-,Agrigento,Sicilia,Isole,Agrigento,https://w3id.org/italia/data/identifiers/cities-identifiers/alphanumeric-istat-code/084016,6749,84016,21687414.5517,29637.0846624,AG,Libero consorzio di comuni,16.91745770676692,481.1118421052632,761.1644736842105
084017,,0,0,84,19,5,84,Favara,,-,Agrigento,Sicilia,Isole,Agrigento,https://w3id.org/italia/data/identifiers/cities-identifiers/alphanumeric-istat-code/084017,6750,84017,83204845.0454,63773.6932958,AG,Libero consorzio di comuni,17.21652177318296,467.5639097744362,776.8054511278197
084018,,0,0,84,19,5,84,Grotte,,-,Agrigento,Sicilia,Isole,Agrigento,https://w3id.org/italia/data/identifiers/cities-identifiers/alphanumeric-istat-code/084018,6751,84018,24103995.9557,33265.9817702,AG,Libero consorzio di comuni,16.915891290726822,482.55545112781954,759.8011278195489
084019,,0,0,84,19,5,84,Joppolo Giancaxio,,-,Agrigento,Sicilia,Isole,Agrigento,https://w3id.org/italia/data/identifiers/cities-identifiers/alphanumeric-istat-code/084019,6752,84019,19303858.2498,24876.5872642,AG,Libero consorzio di comuni,17.27760964912282,477.12526315789484,774.4821052631578
084020,,0,0,84,19,5,84,Lampedusa e Linosa,,-,Agrigento,Sicilia,Isole,Agrigento,https://w3id.org/italia/data/identifiers/cities-identifiers/alphanumeric-istat-code/084020,6753,84020,26256288.3989,38040.0001141,AG,Libero consorzio di comuni,19.57139724310777,203.1395933014354,628.1084928229666
084021,,0,0,84,19,5,84,Licata,,-,Agrigento,Sicilia,Isole,Agrigento,https://w3id.org/italia/data/identifiers/cities-identifiers/alphanumeric-istat-code/084021,6754,84021,179323478.517,68618.3999027,AG,Libero consorzio di comuni,17.74847861842105,422.61078947368424,817.9454605263157
084022,,0,0,84,19,5,84,Lucca Sicula,,-,Agrigento,Sicilia,Isole,Agrigento,https://w3id.org/italia/data/identifiers/cities-identifiers/alphanumeric-istat-code/084022,6755,84022,18762370.4436,24361.5929683,AG,Libero consorzio di comuni,16.93156067251462,512.794956140351,723.9256578947369
084023,,0,0,84,19,5,84,Menfi,,-,Agrigento,Sicilia,Isole,Agrigento,https://w3id.org/italia/data/identifiers/cities-identifiers/alphanumeric-istat-code/084023,6756,84023,113575847.507,54794.883922,AG,Libero consorzio di comuni,17.88742804276315,499.1355263157895,744.5973684210526
084024,,0,0,84,19,5,84,Montallegro,,-,Agrigento,Sicilia,Isole,Agrigento,https://w3id.org/italia/data/identifiers/cities-identifiers/alphanumeric-istat-code/084024,6757,84024,27937612.4434,29509.7198761,AG,Libero consorzio di comuni,17.893947368421053,464.94473684210527,773.4771052631579
084025,,0,0,84,19,5,84,Montevago,,-,Agrigento,Sicilia,Isole,Agrigento,https://w3id.org/italia/data/identifiers/cities-identifiers/alphanumeric-istat-code/084025,6758,84025,33055201.4118,26739.1267363,AG,Libero consorzio di comuni,17.622141290726823,512.8101503759398,741.7351503759398
084026,,0,0,84,19,5,84,Naro,,-,Agrigento,Sicilia,Isole,Agrigento,https://w3id.org/italia/data/identifiers/cities-identifiers/alphanumeric-istat-code/084026,6759,84026,207560111.492,93859.1879909,AG,Libero consorzio di comuni,16.883987166991556,467.25224171539963,772.5023879142302
084027,,0,0,84,19,5,84,Palma di Montechiaro,,-,Agrigento,Sicilia,Isole,Agrigento,https://w3id.org/italia/data/identifiers/cities-identifiers/alphanumeric-istat-code/084027,6760,84027,77220437.4141,45129.1666368,AG,Libero consorzio di comuni,17.73280793128655,435.2218201754385,811.3808114035088
084028,,0,0,84,19,5,84,Porto Empedocle,,-,Agrigento,Sicilia,Isole,Agrigento,https://w3id.org/italia/data/identifiers/cities-identifiers/alphanumeric-istat-code/084028,6761,84028,25092292.4542,26456.6399255,AG,Libero consorzio di comuni,18.08929354636591,450.0883458646616,799.8669172932332
084029,,0,0,84,19,5,84,Racalmuto,,-,Agrigento,Sicilia,Isole,Agrigento,https://w3id.org/italia/data/identifiers/cities-identifiers/alphanumeric-istat-code/084029,6762,84029,68182885.3903,41314.4188733,AG,Libero consorzio di comuni,16.369649122807015,491.1190789473684,736.597894736842
084030,,0,0,84,19,5,84,Raffadali,,-,Agrigento,Sicilia,Isole,Agrigento,https://w3id.org/italia/data/identifiers/cities-identifiers/alphanumeric-istat-code/084030,6763,84030,22205677.6725,26620.572761,AG,Libero consorzio di comuni,17.23957550125314,482.39830827067664,768.1436090225562
084031,,0,0,84,19,5,84,Ravanusa,,-,Agrigento,Sicilia,Isole,Agrigento,https://w3id.org/italia/data/identifiers/cities-identifiers/alphanumeric-istat-code/084031,6764,84031,50034047.709,43590.822608,AG,Libero consorzio di comuni,17.43284489633173,439.7728468899522,815.0866028708133
084032,,0,0,84,19,5,84,Realmonte,,-,Agrigento,Sicilia,Isole,Agrigento,https://w3id.org/italia/data/identifiers/cities-identifiers/alphanumeric-istat-code/084032,6765,84032,20394033.506,20171.7137312,AG,Libero consorzio di comuni,18.06653508771929,451.0671052631578,789.8807894736844
084033,,0,0,84,19,5,84,Ribera,,-,Agrigento,Sicilia,Isole,Agrigento,https://w3id.org/italia/data/identifiers/cities-identifiers/alphanumeric-istat-code/084033,6766,84033,118600061.399,51922.2674627,AG,Libero consorzio di comuni,18.057791940789475,471.3696546052632,772.6904605263157
084034,,0,0,84,19,5,84,Sambuca di Sicilia,,-,Agrigento,Sicilia,Isole,Agrigento,https://w3id.org/italia/data/identifiers/cities-identifiers/alphanumeric-istat-code/084034,6767,84034,96487868.2289,57223.6313342,AG,Libero consorzio di comuni,16.314740497076023,537.8893859649123,682.7164035087718
084035,,0,0,84,19,5,84,San Biagio Platani,,-,Agrigento,Sicilia,Isole,Agrigento,https://w3id.org/italia/data/identifiers/cities-identifiers/alphanumeric-istat-code/084035,6768,84035,42941711.1913,35299.0802272,AG,Libero consorzio di comuni,17.098662280701753,488.9325,751.6378947368421
084036,,0,0,84,19,5,84,San Giovanni Gemini,,-,Agrigento,Sicilia,Isole,Agrigento,https://w3id.org/italia/data/identifiers/cities-identifiers/alphanumeric-istat-code/084036,6769,84036,26512939.2338,21952.2970906,AG,Libero consorzio di comuni,15.495361842105273,533.0197368421052,668.2584210526314
084037,,0,0,84,19,5,84,Santa Elisabetta,,-,Agrigento,Sicilia,Isole,Agrigento,https://w3id.org/italia/data/identifiers/cities-identifiers/alphanumeric-istat-code/084037,6770,84037,16479206.2011,20380.4020411,AG,Libero consorzio di comuni,16.9764985380117,489.79912280701757,754.9
084038,,0,0,84,19,5,84,Santa Margherita di Belice,,-,Agrigento,Sicilia,Isole,Agrigento,https://w3id.org/italia/data/identifiers/cities-identifiers/alphanumeric-istat-code/084038,6771,84038,67238242.0658,38150.783868,AG,Libero consorzio di comuni,17.314686890838207,517.4858187134503,728.0663742690058
084039,,0,0,84,19,5,84,Sant'Angelo Muxaro,,-,Agrigento,Sicilia,Isole,Agrigento,https://w3id.org/italia/data/identifiers/cities-identifiers/alphanumeric-istat-code/084039,6772,84039,64278052.9378,52236.1030226,AG,Libero consorzio di comuni,17.18855811403509,485.2607894736842,759.7186842105262
084040,,0,0,84,19,5,84,Santo Stefano Quisquina,,-,Agrigento,Sicilia,Isole,Agrigento,https://w3id.org/italia/data/identifiers/cities-identifiers/alphanumeric-istat-code/084040,6773,84040,84833466.6245,43639.5566987,AG,Libero consorzio di comuni,14.981949013157893,555.4902412280702,646.5163377192981
084041,,0,0,84,19,5,84,Sciacca,,-,Agrigento,Sicilia,Isole,Agrigento,https://w3id.org/italia/data/identifiers/cities-identifiers/alphanumeric-istat-code/084041,6774,84041,191557582.638,68986.388011,AG,Libero consorzio di comuni,17.80084847535505,451.5978832951946,678.370766590389
084042,,0,0,84,19,5,84,Siculiana,,-,Agrigento,Sicilia,Isole,Agrigento,https://w3id.org/italia/data/identifiers/cities-identifiers/alphanumeric-istat-code/084042,6775,84042,40916373.9542,36917.1311592,AG,Libero consorzio di comuni,17.933070175438594,461.1503947368421,776.48
084043,,0,0,84,19,5,84,Villafranca Sicula,,-,Agrigento,Sicilia,Isole,Agrigento,https://w3id.org/italia/data/identifiers/cities-identifiers/alphanumeric-istat-code/084043,6776,84043,17306486.0934,17512.7446652,AG,Libero consorzio di comuni,16.964067982456143,513.527894736842,721.3542105263157
085001,,0,0,85,19,5,85,Acquaviva Platani,,-,Caltanissetta,Sicilia,Isole,Caltanissetta,https://w3id.org/italia/data/identifiers/cities-identifiers/alphanumeric-istat-code/085001,6777,85001,14876091.952,18580.0422091,CL,Libero consorzio di comuni,16.38585526315789,502.16973684210524,719.3076315789474
085002,,0,0,85,19,5,85,Bompensiere,,-,Caltanissetta,Sicilia,Isole,Caltanissetta,https://w3id.org/italia/data/identifiers/cities-identifiers/alphanumeric-istat-code/085002,6778,85002,20048605.1234,21760.7778507,CL,Libero consorzio di comuni,16.79496984649124,478.88717105263163,756.1858552631579
085003,,0,0,85,19,5,85,Butera,,-,Caltanissetta,Sicilia,Isole,Caltanissetta,https://w3id.org/italia/data/identifiers/cities-identifiers/alphanumeric-istat-code/085003,6779,85003,298282256.481,91715.2025013,CL,Libero consorzio di comuni,17.305605396065914,431.86602870813397,808.7830542264752
085004,,1,0,85,19,5,85,Caltanissetta,,-,Caltanissetta,Sicilia,Isole,Caltanissetta,https://w3id.org/italia/data/identifiers/cities-identifiers/alphanumeric-istat-code/085004,6780,85004,420140387.546,157219.955183,CL,Libero consorzio di comuni,16.18659181922197,489.6486270022884,727.3174199084667
085005,,0,0,85,19,5,85,Campofranco,,-,Caltanissetta,Sicilia,Isole,Caltanissetta,https://w3id.org/italia/data/identifiers/cities-identifiers/alphanumeric-istat-code/085005,6781,85005,36427552.9767,34453.2933447,CL,Libero consorzio di comuni,16.943515037593997,483.0343984962406,757.853947368421
085006,,0,0,85,19,5,85,Delia,,-,Caltanissetta,Sicilia,Isole,Caltanissetta,https://w3id.org/italia/data/identifiers/cities-identifiers/alphanumeric-istat-code/085006,6782,85006,12327634.9339,15211.634813,CL,Libero consorzio di comuni,16.65544590643275,471.07982456140354,764.6877192982455
085007,,0,0,85,19,5,85,Gela,,-,Caltanissetta,Sicilia,Isole,Caltanissetta,https://w3id.org/italia/data/identifiers/cities-identifiers/alphanumeric-istat-code/085007,6783,85007,278680363.104,82555.8076812,CL,Libero consorzio di comuni,17.82048480576441,375.50407894736844,776.2405263157895
085008,,0,0,85,19,5,85,Marianopoli,,-,Caltanissetta,Sicilia,Isole,Caltanissetta,https://w3id.org/italia/data/identifiers/cities-identifiers/alphanumeric-istat-code/085008,6784,85008,13239455.6692,15127.7415694,CL,Libero consorzio di comuni,15.72110745614036,514.2030701754387,690.1048245614035
085009,,0,0,85,19,5,85,Mazzarino,,-,Caltanissetta,Sicilia,Isole,Caltanissetta,https://w3id.org/italia/data/identifiers/cities-identifiers/alphanumeric-istat-code/085009,6785,85009,296498963.143,121410.668303,CL,Libero consorzio di comuni,16.723926000899684,460.0290485829959,775.2192645074224
085010,,0,0,85,19,5,85,Milena,,-,Caltanissetta,Sicilia,Isole,Caltanissetta,https://w3id.org/italia/data/identifiers/cities-identifiers/alphanumeric-istat-code/085010,6786,85010,24644949.0551,21809.4810878,CL,Libero consorzio di comuni,16.801557017543868,482.50447368421055,754.6884210526317
085011,,0,0,85,19,5,85,Montedoro,,-,Caltanissetta,Sicilia,Isole,Caltanissetta,https://w3id.org/italia/data/identifiers/cities-identifiers/alphanumeric-istat-code/085011,6787,85011,14249346.0812,16232.8007411,CL,Libero consorzio di comuni,16.674835526315793,479.76447368421054,750.1240131578946
085012,,0,0,85,19,5,85,Mussomeli,,-,Caltanissetta,Sicilia,Isole,Caltanissetta,https://w3id.org/italia/data/identifiers/cities-identifiers/alphanumeric-istat-code/085012,6788,85012,163966468.339,65752.8738365,CL,Libero consorzio di comuni,16.205866228070185,501.2469078947368,717.3738157894737
085013,,0,0,85,19,5,85,Niscemi,,-,Caltanissetta,Sicilia,Isole,Caltanissetta,https://w3id.org/italia/data/identifiers/cities-identifiers/alphanumeric-istat-code/085013,6789,85013,97184958.5457,43728.4139592,CL,Libero consorzio di comuni,17.26378090111643,436.2874401913876,800.9504784688994
085014,,0,0,85,19,5,85,Resuttano,,-,Caltanissetta,Sicilia,Isole,Caltanissetta,https://w3id.org/italia/data/identifiers/cities-identifiers/alphanumeric-istat-code/085014,6790,85014,38534524.3959,40207.9815249,CL,Libero consorzio di comuni,15.087653508771933,527.6961842105264,649.1402631578947
085015,,0,0,85,19,5,85,Riesi,,-,Caltanissetta,Sicilia,Isole,Caltanissetta,https://w3id.org/italia/data/identifiers/cities-identifiers/alphanumeric-istat-code/085015,6791,85015,66082663.141,42301.2301659,CL,Libero consorzio di comuni,17.037295653907496,452.65717703349287,794.5967703349281
085016,,0,0,85,19,5,85,San Cataldo,,-,Caltanissetta,Sicilia,Isole,Caltanissetta,https://w3id.org/italia/data/identifiers/cities-identifiers/alphanumeric-istat-code/085016,6792,85016,73093284.313,47432.1983838,CL,Libero consorzio di comuni,16.192678429027122,491.8265550239235,721.0478468899521
085017,,0,0,85,19,5,85,Santa Caterina Villarmosa,,-,Caltanissetta,Sicilia,Isole,Caltanissetta,https://w3id.org/italia/data/identifiers/cities-identifiers/alphanumeric-istat-code/085017,6793,85017,76029230.3551,51067.1777597,CL,Libero consorzio di comuni,15.702483974358971,508.3415991902834,692.6502024291497
085018,,0,0,85,19,5,85,Serradifalco,,-,Caltanissetta,Sicilia,Isole,Caltanissetta,https://w3id.org/italia/data/identifiers/cities-identifiers/alphanumeric-istat-code/085018,6794,85018,42174354.0439,48321.7559743,CL,Libero consorzio di comuni,16.156123903508778,491.8430263157895,725.4506578947369
085019,,0,0,85,19,5,85,Sommatino,,-,Caltanissetta,Sicilia,Isole,Caltanissetta,https://w3id.org/italia/data/identifiers/cities-identifiers/alphanumeric-istat-code/085019,6795,85019,34592087.5786,25528.7303582,CL,Libero consorzio di comuni,17.11951754385964,454.7815789473684,793.9934210526317
085020,,0,0,85,19,5,85,Sutera,,-,Caltanissetta,Sicilia,Isole,Caltanissetta,https://w3id.org/italia/data/identifiers/cities-identifiers/alphanumeric-istat-code/085020,6796,85020,35632886.2695,37731.8718052,CL,Libero consorzio di comuni,16.69607319078948,491.37138157894736,742.4825657894737
085021,,0,0,85,19,5,85,Vallelunga Pratameno,,-,Caltanissetta,Sicilia,Isole,Caltanissetta,https://w3id.org/italia/data/identifiers/cities-identifiers/alphanumeric-istat-code/085021,6797,85021,39358714.9202,38891.50328,CL,Libero consorzio di comuni,15.503704573934842,524.4781954887218,665.7246240601505
085022,,0,0,85,19,5,85,Villalba,,-,Caltanissetta,Sicilia,Isole,Caltanissetta,https://w3id.org/italia/data/identifiers/cities-identifiers/alphanumeric-istat-code/085022,6798,85022,41812977.9479,27460.4582662,CL,Libero consorzio di comuni,15.777782346491236,513.8144736842105,686.0251644736842
086001,,0,0,86,19,5,86,Agira,,-,Enna,Sicilia,Isole,Enna,https://w3id.org/italia/data/identifiers/cities-identifiers/alphanumeric-istat-code/086001,6799,86001,163474149.483,69263.3908287,EN,Libero consorzio di comuni,16.482618003341685,511.96528822055126,720.7228070175439
086002,,0,0,86,19,5,86,Aidone,,-,Enna,Sicilia,Isole,Enna,https://w3id.org/italia/data/identifiers/cities-identifiers/alphanumeric-istat-code/086002,6800,86002,210093341.156,81473.4709903,EN,Libero consorzio di comuni,16.199821820175437,498.6469846491229,733.9550986842105
086003,,0,0,86,19,5,86,Assoro,,-,Enna,Sicilia,Isole,Enna,https://w3id.org/italia/data/identifiers/cities-identifiers/alphanumeric-istat-code/086003,6801,86003,111970267.065,78999.3057092,EN,Libero consorzio di comuni,16.085834703947366,509.8337171052632,712.2062500000001
086004,,0,0,86,19,5,86,Barrafranca,,-,Enna,Sicilia,Isole,Enna,https://w3id.org/italia/data/identifiers/cities-identifiers/alphanumeric-istat-code/086004,6802,86004,53665882.2061,35516.8353696,EN,Libero consorzio di comuni,16.409295808966863,475.0780701754386,757.0714912280703
086005,,0,0,86,19,5,86,Calascibetta,,-,Enna,Sicilia,Isole,Enna,https://w3id.org/italia/data/identifiers/cities-identifiers/alphanumeric-istat-code/086005,6803,86005,89051147.2817,60432.4843911,EN,Libero consorzio di comuni,15.12534722222222,527.9086842105264,654.5680701754386
086006,,0,0,86,19,5,86,Catenanuova,,-,Enna,Sicilia,Isole,Enna,https://w3id.org/italia/data/identifiers/cities-identifiers/alphanumeric-istat-code/086006,6804,86006,11266235.5782,14369.7174355,EN,Libero consorzio di comuni,17.192489035087714,507.3640350877194,744.3850877192984
086007,,0,0,86,19,5,86,Centuripe,,-,Enna,Sicilia,Isole,Enna,https://w3id.org/italia/data/identifiers/cities-identifiers/alphanumeric-istat-code/086007,6805,86007,173704718.723,76901.3969511,EN,Libero consorzio di comuni,16.79364557226399,526.071679197995,713.1248120300753
086008,,0,0,86,19,5,86,Cerami,,-,Enna,Sicilia,Isole,Enna,https://w3id.org/italia/data/identifiers/cities-identifiers/alphanumeric-istat-code/086008,6806,86008,95546410.1694,60609.4821108,EN,Libero consorzio di comuni,12.862707550125313,602.4954887218045,517.0209586466166
086009,,1,0,86,19,5,86,Enna,,-,Enna,Sicilia,Isole,Enna,https://w3id.org/italia/data/identifiers/cities-identifiers/alphanumeric-istat-code/086009,6807,86009,358269058.525,156156.000517,EN,Libero consorzio di comuni,15.562533939014198,511.5147243107769,691.3801065162907
086010,,0,0,86,19,5,86,Gagliano Castelferrato,,-,Enna,Sicilia,Isole,Enna,https://w3id.org/italia/data/identifiers/cities-identifiers/alphanumeric-istat-code/086010,6808,86010,56344859.6414,34463.5444791,EN,Libero consorzio di comuni,14.871721491228069,555.1285526315789,623.3561842105263
086011,,0,0,86,19,5,86,Leonforte,,-,Enna,Sicilia,Isole,Enna,https://w3id.org/italia/data/identifiers/cities-identifiers/alphanumeric-istat-code/086011,6809,86011,84615006.4173,41914.7946441,EN,Libero consorzio di comuni,15.369612240829344,526.5943779904306,663.6450956937798
086012,,0,0,86,19,5,86,Nicosia,,-,Enna,Sicilia,Isole,Enna,https://w3id.org/italia/data/identifiers/cities-identifiers/alphanumeric-istat-code/086012,6810,86012,217951495.673,111163.300292,EN,Libero consorzio di comuni,13.970264985380114,567.200394736842,579.2466666666666
086013,,0,0,86,19,5,86,Nissoria,,-,Enna,Sicilia,Isole,Enna,https://w3id.org/italia/data/identifiers/cities-identifiers/alphanumeric-istat-code/086013,6811,86013,62061634.6053,42176.6363841,EN,Libero consorzio di comuni,15.02946515594541,543.9033625730995,638.7282163742691
086014,,0,0,86,19,5,86,Piazza Armerina,,-,Enna,Sicilia,Isole,Enna,https://w3id.org/italia/data/identifiers/cities-identifiers/alphanumeric-istat-code/086014,6812,86014,304723385.063,157151.541796,EN,Libero consorzio di comuni,15.535673920377867,508.63842780027,705.6347503373819
086015,,0,0,86,19,5,86,Pietraperzia,,-,Enna,Sicilia,Isole,Enna,https://w3id.org/italia/data/identifiers/cities-identifiers/alphanumeric-istat-code/086015,6813,86015,118748431.816,51801.1379883,EN,Libero consorzio di comuni,16.565871710526316,473.31494360902263,756.6062030075188
086016,,0,0,86,19,5,86,Regalbuto,,-,Enna,Sicilia,Isole,Enna,https://w3id.org/italia/data/identifiers/cities-identifiers/alphanumeric-istat-code/086016,6814,86016,170685272.793,77428.9701609,EN,Libero consorzio di comuni,16.115811901913872,532.4471889952154,684.475538277512
086017,,0,0,86,19,5,86,Sperlinga,,-,Enna,Sicilia,Isole,Enna,https://w3id.org/italia/data/identifiers/cities-identifiers/alphanumeric-istat-code/086017,6815,86017,59388848.8375,40443.7306623,EN,Libero consorzio di comuni,13.653124999999996,573.1272727272727,566.3978468899521
086018,,0,0,86,19,5,86,Troina,,-,Enna,Sicilia,Isole,Enna,https://w3id.org/italia/data/identifiers/cities-identifiers/alphanumeric-istat-code/086018,6816,86018,168072260.277,70949.5431358,EN,Libero consorzio di comuni,14.226112938596492,580.1797368421054,576.8313815789473
086019,,0,0,86,19,5,86,Valguarnera Caropepe,,-,Enna,Sicilia,Isole,Enna,https://w3id.org/italia/data/identifiers/cities-identifiers/alphanumeric-istat-code/086019,6817,86019,9469865.54335,16703.5325289,EN,Libero consorzio di comuni,15.423273026315794,514.4394736842105,692.8059210526317
086020,,0,0,86,19,5,86,Villarosa,,-,Enna,Sicilia,Isole,Enna,https://w3id.org/italia/data/identifiers/cities-identifiers/alphanumeric-istat-code/086020,6818,86020,55354715.7769,41750.9477344,EN,Libero consorzio di comuni,15.847546600877193,503.25279605263154,697.6332236842105
087001,,0,287,87,19,5,287,Aci Bonaccorsi,,Catania,-,Sicilia,Isole,Catania,https://w3id.org/italia/data/identifiers/cities-identifiers/alphanumeric-istat-code/087001,6819,87001,1689423.67883,5683.865939,CT,Città metropolitana,16.523739035087697,592.2578947368422,655.657894736842
087002,,0,287,87,19,5,287,Aci Castello,,Catania,-,Sicilia,Isole,Catania,https://w3id.org/italia/data/identifiers/cities-identifiers/alphanumeric-istat-code/087002,6820,87002,8681860.49118,16873.7381404,CT,Città metropolitana,17.76551535087721,551.3471052631579,719.1455263157894
087003,,0,287,87,19,5,287,Aci Catena,,Catania,-,Sicilia,Isole,Catania,https://w3id.org/italia/data/identifiers/cities-identifiers/alphanumeric-istat-code/087003,6821,87003,8543329.95964,15531.3371896,CT,Città metropolitana,17.450274122807016,570.8789473684209,690.266447368421
087004,,0,287,87,19,5,287,Acireale,,Catania,-,Sicilia,Isole,Catania,https://w3id.org/italia/data/identifiers/cities-identifiers/alphanumeric-istat-code/087004,6822,87004,40334309.5343,34328.3155024,CT,Città metropolitana,17.346253654970766,588.9223684210527,664.5276315789473
087005,,0,287,87,19,5,287,Aci Sant'Antonio,,Catania,-,Sicilia,Isole,Catania,https://w3id.org/italia/data/identifiers/cities-identifiers/alphanumeric-istat-code/087005,6823,87005,14609007.4441,18076.0919046,CT,Città metropolitana,16.673122258771926,598.8111842105264,646.6674342105263
087006,,0,287,87,19,5,287,Adrano,,Catania,-,Sicilia,Isole,Catania,https://w3id.org/italia/data/identifiers/cities-identifiers/alphanumeric-istat-code/087006,6824,87006,83409797.0486,50616.4403306,CT,Città metropolitana,12.666036184210528,646.0844298245614,528.4097587719299
087007,,0,287,87,19,5,287,Belpasso,,Catania,-,Sicilia,Isole,Catania,https://w3id.org/italia/data/identifiers/cities-identifiers/alphanumeric-istat-code/087007,6825,87007,166466656.392,100913.882802,CT,Città metropolitana,15.410395213577425,573.2237414187642,654.204118993135
087008,,0,287,87,19,5,287,Biancavilla,,Catania,-,Sicilia,Isole,Catania,https://w3id.org/italia/data/identifiers/cities-identifiers/alphanumeric-istat-code/087008,6826,87008,70192971.9761,51360.383875,CT,Città metropolitana,12.735126879699246,648.1218984962406,532.394454887218
087009,,0,287,87,19,5,287,Bronte,,Catania,-,Sicilia,Isole,Catania,https://w3id.org/italia/data/identifiers/cities-identifiers/alphanumeric-istat-code/087009,6827,87009,251200578.153,141289.309768,CT,Città metropolitana,12.05719846491228,648.5984649122806,476.59276315789464
087010,,0,287,87,19,5,287,Calatabiano,,Catania,-,Sicilia,Isole,Catania,https://w3id.org/italia/data/identifiers/cities-identifiers/alphanumeric-istat-code/087010,6828,87010,26488892.9934,23142.8438619,CT,Città metropolitana,17.31489661654135,640.6744360902256,610.5672932330826
087011,,0,287,87,19,5,287,Caltagirone,,Catania,-,Sicilia,Isole,Catania,https://w3id.org/italia/data/identifiers/cities-identifiers/alphanumeric-istat-code/087011,6829,87011,383402260.223,126347.131344,CT,Città metropolitana,16.493367633828168,473.48576248313094,755.4249662618084
087012,,0,287,87,19,5,287,Camporotondo Etneo,,Catania,-,Sicilia,Isole,Catania,https://w3id.org/italia/data/identifiers/cities-identifiers/alphanumeric-istat-code/087012,6830,87012,6458376.5105,12552.1406986,CT,Città metropolitana,16.86256853070175,550.3006578947368,707.3427631578948
087013,,0,287,87,19,5,287,Castel di Iudica,,Catania,-,Sicilia,Isole,Catania,https://w3id.org/italia/data/identifiers/cities-identifiers/alphanumeric-istat-code/087013,6831,87013,103264345.11,49732.3274124,CT,Città metropolitana,17.27633771929824,495.22333333333336,766.0436842105263
087014,,0,287,87,19,5,287,Castiglione di Sicilia,,Catania,-,Sicilia,Isole,Catania,https://w3id.org/italia/data/identifiers/cities-identifiers/alphanumeric-istat-code/087014,6832,87014,119314250.911,69038.5612604,CT,Città metropolitana,13.104043311403505,678.9232730263158,479.56702302631584
087015,,1,287,87,19,5,287,Catania,,Catania,-,Sicilia,Isole,Catania,https://w3id.org/italia/data/identifiers/cities-identifiers/alphanumeric-istat-code/087015,6833,87015,183220414.03,84857.230957,CT,Città metropolitana,17.665030364372466,514.9182692307693,747.7130060728744
087016,,0,287,87,19,5,287,Fiumefreddo di Sicilia,,Catania,-,Sicilia,Isole,Catania,https://w3id.org/italia/data/identifiers/cities-identifiers/alphanumeric-istat-code/087016,6834,87016,12269893.5668,17175.2422861,CT,Città metropolitana,17.788048245614036,633.0986842105265,631.8588815789474
087017,,0,287,87,19,5,287,Giarre,,Catania,-,Sicilia,Isole,Catania,https://w3id.org/italia/data/identifiers/cities-identifiers/alphanumeric-istat-code/087017,6835,87017,27263157.894,33455.1414418,CT,Città metropolitana,16.120504385964914,635.4701754385965,584.1048245614035
087018,,0,287,87,19,5,287,Grammichele,,Catania,-,Sicilia,Isole,Catania,https://w3id.org/italia/data/identifiers/cities-identifiers/alphanumeric-istat-code/087018,6836,87018,31830657.3465,31973.8598019,CT,Città metropolitana,16.23305235745614,490.36842105263156,739.1838815789475
087019,,0,287,87,19,5,287,Gravina di Catania,,Catania,-,Sicilia,Isole,Catania,https://w3id.org/italia/data/identifiers/cities-identifiers/alphanumeric-istat-code/087019,6837,87019,4995825.22547,10637.5399743,CT,Città metropolitana,17.216036184210516,554.7756578947369,717.4361842105263
087020,,0,287,87,19,5,287,Licodia Eubea,,Catania,-,Sicilia,Isole,Catania,https://w3id.org/italia/data/identifiers/cities-identifiers/alphanumeric-istat-code/087020,6838,87020,111985110.347,75735.7587558,CT,Città metropolitana,15.772296283471837,505.834349030471,711.502700831025
087021,,0,287,87,19,5,287,Linguaglossa,,Catania,-,Sicilia,Isole,Catania,https://w3id.org/italia/data/identifiers/cities-identifiers/alphanumeric-istat-code/087021,6839,87021,60272536.0476,40282.5655561,CT,Città metropolitana,11.872357456140348,696.9568421052633,440.5672368421054
087022,,0,287,87,19,5,287,Maletto,,Catania,-,Sicilia,Isole,Catania,https://w3id.org/italia/data/identifiers/cities-identifiers/alphanumeric-istat-code/087022,6840,87022,41066507.3266,34232.127415,CT,Città metropolitana,10.74047880116959,681.6214912280702,430.3855263157895
087023,,0,287,87,19,5,287,Mascali,,Catania,-,Sicilia,Isole,Catania,https://w3id.org/italia/data/identifiers/cities-identifiers/alphanumeric-istat-code/087023,6841,87023,38112556.827,30540.7658264,CT,Città metropolitana,16.352820419103313,637.7925438596492,584.2070175438597
087024,,0,287,87,19,5,287,Mascalucia,,Catania,-,Sicilia,Isole,Catania,https://w3id.org/italia/data/identifiers/cities-identifiers/alphanumeric-istat-code/087024,6842,87024,16059909.4932,20570.1086356,CT,Città metropolitana,16.06981907894736,586.8703947368422,657.6144736842107
087025,,0,287,87,19,5,287,Militello in Val di Catania,,Catania,-,Sicilia,Isole,Catania,https://w3id.org/italia/data/identifiers/cities-identifiers/alphanumeric-istat-code/087025,6843,87025,62002489.5363,38105.8578873,CT,Città metropolitana,16.444487085769985,504.4149122807018,731.7995614035088
087026,,0,287,87,19,5,287,Milo,,Catania,-,Sicilia,Isole,Catania,https://w3id.org/italia/data/identifiers/cities-identifiers/alphanumeric-istat-code/087026,6844,87026,16891707.6915,21557.9760198,CT,Città metropolitana,12.59971673976608,692.6381578947368,459.39078947368415
087027,,0,287,87,19,5,287,Mineo,,Catania,-,Sicilia,Isole,Catania,https://w3id.org/italia/data/identifiers/cities-identifiers/alphanumeric-istat-code/087027,6845,87027,245469746.457,84157.6636038,CT,Città metropolitana,16.611917235217675,489.4576023391814,751.4447368421053
087028,,0,287,87,19,5,287,Mirabella Imbaccari,,Catania,-,Sicilia,Isole,Catania,https://w3id.org/italia/data/identifiers/cities-identifiers/alphanumeric-istat-code/087028,6846,87028,15635423.321,20121.0088962,CT,Città metropolitana,16.117532894736843,492.17394736842107,735.3486842105264
087029,,0,287,87,19,5,287,Misterbianco,,Catania,-,Sicilia,Isole,Catania,https://w3id.org/italia/data/identifiers/cities-identifiers/alphanumeric-istat-code/087029,6847,87029,38057523.0599,34562.0609854,CT,Città metropolitana,17.254337993421046,534.8080592105264,726.1463815789474
087030,,0,287,87,19,5,287,Motta Sant'Anastasia,,Catania,-,Sicilia,Isole,Catania,https://w3id.org/italia/data/identifiers/cities-identifiers/alphanumeric-istat-code/087030,6848,87030,35742816.5548,33381.21318,CT,Città metropolitana,17.38483187134504,518.2263157894736,737.7978070175437
087031,,0,287,87,19,5,287,Nicolosi,,Catania,-,Sicilia,Isole,Catania,https://w3id.org/italia/data/identifiers/cities-identifiers/alphanumeric-istat-code/087031,6849,87031,42664443.4692,37998.9838487,CT,Città metropolitana,11.297438197767145,711.8868421052631,461.30059808612447
087032,,0,287,87,19,5,287,Palagonia,,Catania,-,Sicilia,Isole,Catania,https://w3id.org/italia/data/identifiers/cities-identifiers/alphanumeric-istat-code/087032,6850,87032,57450604.8964,36408.7126815,CT,Città metropolitana,17.479237938596494,479.3067105263159,771.9192105263159
087033,,0,287,87,19,5,287,Paternò,,Catania,-,Sicilia,Isole,Catania,https://w3id.org/italia/data/identifiers/cities-identifiers/alphanumeric-istat-code/087033,6851,87033,144608511.581,61347.9494242,CT,Città metropolitana,17.336810364727608,511.66821329639896,742.757271468144
087034,,0,287,87,19,5,287,Pedara,,Catania,-,Sicilia,Isole,Catania,https://w3id.org/italia/data/identifiers/cities-identifiers/alphanumeric-istat-code/087034,6852,87034,19038992.1295,25379.6664107,CT,Città metropolitana,13.505244883040938,659.5155701754387,533.4798245614037
087035,,0,287,87,19,5,287,Piedimonte Etneo,,Catania,-,Sicilia,Isole,Catania,https://w3id.org/italia/data/identifiers/cities-identifiers/alphanumeric-istat-code/087035,6853,87035,26355509.8436,38942.3008773,CT,Città metropolitana,13.5034649122807,680.7531578947367,488.8394736842106
087036,,0,287,87,19,5,287,Raddusa,,Catania,-,Sicilia,Isole,Catania,https://w3id.org/italia/data/identifiers/cities-identifiers/alphanumeric-istat-code/087036,6854,87036,23641196.7849,24726.1224785,CT,Città metropolitana,16.75706323099415,492.56842105263155,757.9171052631579
087037,,0,287,87,19,5,287,Ramacca,,Catania,-,Sicilia,Isole,Catania,https://w3id.org/italia/data/identifiers/cities-identifiers/alphanumeric-istat-code/087037,6855,87037,306953426.884,116050.932529,CT,Città metropolitana,17.359129030346132,484.3082859174965,774.2071834992888
087038,,0,287,87,19,5,287,Randazzo,,Catania,-,Sicilia,Isole,Catania,https://w3id.org/italia/data/identifiers/cities-identifiers/alphanumeric-istat-code/087038,6856,87038,206123817.272,104732.109695,CT,Città metropolitana,12.313517909356726,645.4455263157894,479.33074561403515
087039,,0,287,87,19,5,287,Riposto,,Catania,-,Sicilia,Isole,Catania,https://w3id.org/italia/data/identifiers/cities-identifiers/alphanumeric-istat-code/087039,6857,87039,13349191.219,24030.3912168,CT,Città metropolitana,18.06122532894737,608.0003289473685,656.7151315789475
087040,,0,287,87,19,5,287,San Cono,,Catania,-,Sicilia,Isole,Catania,https://w3id.org/italia/data/identifiers/cities-identifiers/alphanumeric-istat-code/087040,6858,87040,6744052.02341,10266.6936756,CT,Città metropolitana,15.649890350877202,498.7526315789473,718.213157894737
087041,,0,287,87,19,5,287,San Giovanni la Punta,,Catania,-,Sicilia,Isole,Catania,https://w3id.org/italia/data/identifiers/cities-identifiers/alphanumeric-istat-code/087041,6859,87041,10819993.7871,16184.8881567,CT,Città metropolitana,16.534292763157886,583.7069078947369,668.555592105263
087042,,0,287,87,19,5,287,San Gregorio di Catania,,Catania,-,Sicilia,Isole,Catania,https://w3id.org/italia/data/identifiers/cities-identifiers/alphanumeric-istat-code/087042,6860,87042,5578557.1908,10384.0615535,CT,Città metropolitana,17.54413377192984,551.1322368421054,722.4118421052632
087043,,0,287,87,19,5,287,San Michele di Ganzaria,,Catania,-,Sicilia,Isole,Catania,https://w3id.org/italia/data/identifiers/cities-identifiers/alphanumeric-istat-code/087043,6861,87043,25804769.7835,23378.9436563,CT,Città metropolitana,15.756513157894753,498.39447368421054,720.2744736842108
087044,,0,287,87,19,5,287,San Pietro Clarenza,,Catania,-,Sicilia,Isole,Catania,https://w3id.org/italia/data/identifiers/cities-identifiers/alphanumeric-istat-code/087044,6862,87044,6394097.4589,10795.4288311,CT,Città metropolitana,15.86587171052632,587.0046052631578,654.0684210526317
087045,,0,287,87,19,5,287,Sant'Agata li Battiati,,Catania,-,Sicilia,Isole,Catania,https://w3id.org/italia/data/identifiers/cities-identifiers/alphanumeric-istat-code/087045,6863,87045,3068139.53679,8707.24648628,CT,Città metropolitana,16.91274671052631,570.2578947368422,693.011842105263
087046,,0,287,87,19,5,287,Sant'Alfio,,Catania,-,Sicilia,Isole,Catania,https://w3id.org/italia/data/identifiers/cities-identifiers/alphanumeric-istat-code/087046,6864,87046,25734481.7093,37281.498665,CT,Città metropolitana,10.738150062656642,735.8257518796992,403.6471804511278
087047,,0,287,87,19,5,287,Santa Maria di Licodia,,Catania,-,Sicilia,Isole,Catania,https://w3id.org/italia/data/identifiers/cities-identifiers/alphanumeric-istat-code/087047,6865,87047,26354953.6626,27104.0436791,CT,Città metropolitana,14.956533260233918,587.422149122807,620.1800438596491
087048,,0,287,87,19,5,287,Santa Venerina,,Catania,-,Sicilia,Isole,Catania,https://w3id.org/italia/data/identifiers/cities-identifiers/alphanumeric-istat-code/087048,6866,87048,18728163.0007,20752.1852,CT,Città metropolitana,16.481962719298245,619.0755263157895,614.1142105263157
087049,,0,287,87,19,5,287,Scordia,,Catania,-,Sicilia,Isole,Catania,https://w3id.org/italia/data/identifiers/cities-identifiers/alphanumeric-istat-code/087049,6867,87049,24524049.5416,20085.329365,CT,Città metropolitana,17.257392178362576,488.5811403508772,756.6030701754385
087050,,0,287,87,19,5,287,Trecastagni,,Catania,-,Sicilia,Isole,Catania,https://w3id.org/italia/data/identifiers/cities-identifiers/alphanumeric-istat-code/087050,6868,87050,19252641.0699,26790.1669436,CT,Città metropolitana,14.944051535087716,635.0138157894738,576.3712719298246
087051,,0,287,87,19,5,287,Tremestieri Etneo,,Catania,-,Sicilia,Isole,Catania,https://w3id.org/italia/data/identifiers/cities-identifiers/alphanumeric-istat-code/087051,6869,87051,6464010.24921,14297.7238292,CT,Città metropolitana,16.908950109649123,568.934210526316,691.7861842105264
087052,,0,287,87,19,5,287,Valverde,,Catania,-,Sicilia,Isole,Catania,https://w3id.org/italia/data/identifiers/cities-identifiers/alphanumeric-istat-code/087052,6870,87052,5479591.27962,10555.8888959,CT,Città metropolitana,17.12254660087719,575.7782894736841,683.1085526315788
087053,,0,287,87,19,5,287,Viagrande,,Catania,-,Sicilia,Isole,Catania,https://w3id.org/italia/data/identifiers/cities-identifiers/alphanumeric-istat-code/087053,6871,87053,10068722.9627,17405.4981691,CT,Città metropolitana,15.604769736842096,617.3469298245617,606.4280701754386
087054,,0,287,87,19,5,287,Vizzini,,Catania,-,Sicilia,Isole,Catania,https://w3id.org/italia/data/identifiers/cities-identifiers/alphanumeric-istat-code/087054,6872,87054,127375252.227,65928.6084206,CT,Città metropolitana,15.35369921514312,529.5454293628809,686.5986842105264
087055,,0,287,87,19,5,287,Zafferana Etnea,,Catania,-,Sicilia,Isole,Catania,https://w3id.org/italia/data/identifiers/cities-identifiers/alphanumeric-istat-code/087055,6873,87055,76903029.0214,43987.8869873,CT,Città metropolitana,10.36830683479532,750.3723684210526,402.61918859649126
087056,,0,287,87,19,5,287,Mazzarrone,,Catania,-,Sicilia,Isole,Catania,https://w3id.org/italia/data/identifiers/cities-identifiers/alphanumeric-istat-code/087056,6874,87056,34865664.6889,24421.7991309,CT,Città metropolitana,16.899625365497077,456.97061403508775,771.2138157894736
087057,,0,287,87,19,5,287,Maniace,,Catania,-,Sicilia,Isole,Catania,https://w3id.org/italia/data/identifiers/cities-identifiers/alphanumeric-istat-code/087057,6875,87057,37261406.1381,35154.0945767,CT,Città metropolitana,12.6569764254386,625.1850328947369,477.04325657894736
087058,,0,287,87,19,5,287,Ragalna,,Catania,-,Sicilia,Isole,Catania,https://w3id.org/italia/data/identifiers/cities-identifiers/alphanumeric-istat-code/087058,6876,87058,39213459.7266,37620.0846768,CT,Città metropolitana,12.313925438596488,666.5319548872179,510.0366541353383
088001,,0,0,88,19,5,88,Acate,,-,Ragusa,Sicilia,Isole,Ragusa,https://w3id.org/italia/data/identifiers/cities-identifiers/alphanumeric-istat-code/088001,6877,88001,102407306.418,54741.6785864,RG,Libero consorzio di comuni,17.591571637426902,418.0207894736842,810.3063157894737
088002,,0,0,88,19,5,88,Chiaramonte Gulfi,,-,Ragusa,Sicilia,Isole,Ragusa,https://w3id.org/italia/data/identifiers/cities-identifiers/alphanumeric-istat-code/088002,6878,88002,127815151.109,57574.1281755,RG,Libero consorzio di comuni,16.18824819401445,487.52840557275545,737.5000773993809
088003,,0,0,88,19,5,88,Comiso,,-,Ragusa,Sicilia,Isole,Ragusa,https://w3id.org/italia/data/identifiers/cities-identifiers/alphanumeric-istat-code/088003,6879,88003,64655346.2261,53252.369666,RG,Libero consorzio di comuni,17.02835800438596,456.16184210526313,785.7411184210526
088004,,0,0,88,19,5,88,Giarratana,,-,Ragusa,Sicilia,Isole,Ragusa,https://w3id.org/italia/data/identifiers/cities-identifiers/alphanumeric-istat-code/088004,6880,88004,43766317.2783,47457.15875,RG,Libero consorzio di comuni,15.074298245614035,534.1961842105264,673.6590789473685
088005,,0,0,88,19,5,88,Ispica,,-,Ragusa,Sicilia,Isole,Ragusa,https://w3id.org/italia/data/identifiers/cities-identifiers/alphanumeric-istat-code/088005,6881,88005,113661591.967,47156.6521101,RG,Libero consorzio di comuni,18.171968984962408,460.33045112781963,815.1066729323308
088006,,0,0,88,19,5,88,Modica,,-,Ragusa,Sicilia,Isole,Ragusa,https://w3id.org/italia/data/identifiers/cities-identifiers/alphanumeric-istat-code/088006,6882,88006,292752971.903,141563.657815,RG,Libero consorzio di comuni,16.764818050986843,459.80232198142414,712.962693498452
088007,,0,0,88,19,5,88,Monterosso Almo,,-,Ragusa,Sicilia,Isole,Ragusa,https://w3id.org/italia/data/identifiers/cities-identifiers/alphanumeric-istat-code/088007,6883,88007,56522336.3942,49124.3797268,RG,Libero consorzio di comuni,14.980736642743222,533.2944976076556,672.0900717703349
088008,,0,0,88,19,5,88,Pozzallo,,-,Ragusa,Sicilia,Isole,Ragusa,https://w3id.org/italia/data/identifiers/cities-identifiers/alphanumeric-istat-code/088008,6884,88008,15368272.4317,19578.9837213,RG,Libero consorzio di comuni,18.232478070175432,457.06184210526317,818.9171052631579
088009,,1,0,88,19,5,88,Ragusa,,-,Ragusa,Sicilia,Isole,Ragusa,https://w3id.org/italia/data/identifiers/cities-identifiers/alphanumeric-istat-code/088009,6885,88009,444532374.213,154835.188838,RG,Libero consorzio di comuni,16.59468784994401,467.49232456140356,737.7170230263158
088010,,0,0,88,19,5,88,Santa Croce Camerina,,-,Ragusa,Sicilia,Isole,Ragusa,https://w3id.org/italia/data/identifiers/cities-identifiers/alphanumeric-istat-code/088010,6886,88010,40808267.9243,28689.5128198,RG,Libero consorzio di comuni,17.88534128289474,425.15493421052633,805.5909539473685
088011,,0,0,88,19,5,88,Scicli,,-,Ragusa,Sicilia,Isole,Ragusa,https://w3id.org/italia/data/identifiers/cities-identifiers/alphanumeric-istat-code/088011,6887,88011,138671906.252,51375.3213184,RG,Libero consorzio di comuni,17.576571637426902,429.69350328947365,744.7799342105263
088012,,0,0,88,19,5,88,Vittoria,,-,Ragusa,Sicilia,Isole,Ragusa,https://w3id.org/italia/data/identifiers/cities-identifiers/alphanumeric-istat-code/088012,6888,88012,182900478.812,70228.7490349,RG,Libero consorzio di comuni,17.511954246411488,410.4532608695652,769.0332379862701
089001,,0,0,89,19,5,89,Augusta,,-,Siracusa,Sicilia,Isole,Siracusa,https://w3id.org/italia/data/identifiers/cities-identifiers/alphanumeric-istat-code/089001,6889,89001,111698865.766,104223.658837,SR,Libero consorzio di comuni,17.72679093567251,411.9263157894737,614.29240430622
089002,,0,0,89,19,5,89,Avola,,-,Siracusa,Sicilia,Isole,Siracusa,https://w3id.org/italia/data/identifiers/cities-identifiers/alphanumeric-istat-code/089002,6890,89002,74795408.3751,35275.3006746,SR,Libero consorzio di comuni,17.395882675438592,494.07052631578955,761.2640789473684
089003,,0,0,89,19,5,89,Buccheri,,-,Siracusa,Sicilia,Isole,Siracusa,https://w3id.org/italia/data/identifiers/cities-identifiers/alphanumeric-istat-code/089003,6891,89003,57181972.736,45788.5284761,SR,Libero consorzio di comuni,15.310650917065397,537.3694976076556,678.3721291866028
089004,,0,0,89,19,5,89,Buscemi,,-,Siracusa,Sicilia,Isole,Siracusa,https://w3id.org/italia/data/identifiers/cities-identifiers/alphanumeric-istat-code/089004,6892,89004,52280338.3753,47597.6290337,SR,Libero consorzio di comuni,14.974462719298241,543.4173684210526,664.7878947368422
089005,,0,0,89,19,5,89,Canicattini Bagni,,-,Siracusa,Sicilia,Isole,Siracusa,https://w3id.org/italia/data/identifiers/cities-identifiers/alphanumeric-istat-code/089005,6893,89005,15057503.0388,19543.6957672,SR,Libero consorzio di comuni,16.49913377192982,515.285,719.1378947368421
089006,,0,0,89,19,5,89,Carlentini,,-,Siracusa,Sicilia,Isole,Siracusa,https://w3id.org/italia/data/identifiers/cities-identifiers/alphanumeric-istat-code/089006,6894,89006,159015778.174,75129.8764459,SR,Libero consorzio di comuni,16.77048245614035,511.2536184210527,726.702894736842
089007,,0,0,89,19,5,89,Cassaro,,-,Siracusa,Sicilia,Isole,Siracusa,https://w3id.org/italia/data/identifiers/cities-identifiers/alphanumeric-istat-code/089007,6895,89007,19740751.8317,20619.1688984,SR,Libero consorzio di comuni,15.152923976608188,540.7907894736841,663.332456140351
089008,,0,0,89,19,5,89,Ferla,,-,Siracusa,Sicilia,Isole,Siracusa,https://w3id.org/italia/data/identifiers/cities-identifiers/alphanumeric-istat-code/089008,6896,89008,25000439.1204,25897.6841145,SR,Libero consorzio di comuni,15.345106907894738,539.5618421052632,673.4996710526315
089009,,0,0,89,19,5,89,Floridia,,-,Siracusa,Sicilia,Isole,Siracusa,https://w3id.org/italia/data/identifiers/cities-identifiers/alphanumeric-istat-code/089009,6897,89009,26577458.7817,28614.8711104,SR,Libero consorzio di comuni,17.066215886939567,509.87997076023385,733.6214912280701
089010,,0,0,89,19,5,89,Francofonte,,-,Siracusa,Sicilia,Isole,Siracusa,https://w3id.org/italia/data/identifiers/cities-identifiers/alphanumeric-istat-code/089010,6898,89010,74551506.8583,58831.3980008,SR,Libero consorzio di comuni,16.61815114709852,501.723076923077,731.5943319838057
089011,,0,0,89,19,5,89,Lentini,,-,Siracusa,Sicilia,Isole,Siracusa,https://w3id.org/italia/data/identifiers/cities-identifiers/alphanumeric-istat-code/089011,6899,89011,216541532.054,90595.4990364,SR,Libero consorzio di comuni,17.477848768556008,488.464524291498,760.668927125506
089012,,0,0,89,19,5,89,Melilli,,-,Siracusa,Sicilia,Isole,Siracusa,https://w3id.org/italia/data/identifiers/cities-identifiers/alphanumeric-istat-code/089012,6900,89012,136191464.407,101357.785191,SR,Libero consorzio di comuni,17.226260964912278,512.6741854636592,736.3934837092731
089013,,0,0,89,19,5,89,Noto,,-,Siracusa,Sicilia,Isole,Siracusa,https://w3id.org/italia/data/identifiers/cities-identifiers/alphanumeric-istat-code/089013,6901,89013,554789951.395,158385.551896,SR,Libero consorzio di comuni,17.253520733652312,488.719019138756,764.8522009569377
089014,,0,0,89,19,5,89,Pachino,,-,Siracusa,Sicilia,Isole,Siracusa,https://w3id.org/italia/data/identifiers/cities-identifiers/alphanumeric-istat-code/089014,6902,89014,50906913.6951,39916.4397552,SR,Libero consorzio di comuni,18.64631304824561,453.99523026315796,831.6465460526315
089015,,0,0,89,19,5,89,Palazzolo Acreide,,-,Siracusa,Sicilia,Isole,Siracusa,https://w3id.org/italia/data/identifiers/cities-identifiers/alphanumeric-istat-code/089015,6903,89015,87111041.3639,71548.967604,SR,Libero consorzio di comuni,15.812086988304094,525.2887719298246,693.6641228070176
089016,,0,0,89,19,5,89,Rosolini,,-,Siracusa,Sicilia,Isole,Siracusa,https://w3id.org/italia/data/identifiers/cities-identifiers/alphanumeric-istat-code/089016,6904,89016,76442368.9524,74024.6660612,SR,Libero consorzio di comuni,17.23173498650473,480.60495951417005,777.8221659919029
089017,,1,0,89,19,5,89,Siracusa,,-,Siracusa,Sicilia,Isole,Siracusa,https://w3id.org/italia/data/identifiers/cities-identifiers/alphanumeric-istat-code/089017,6905,89017,208066631.226,95958.2611213,SR,Libero consorzio di comuni,18.04171434019832,471.0732456140351,741.6958333333333
089018,,0,0,89,19,5,89,Solarino,,-,Siracusa,Sicilia,Isole,Siracusa,https://w3id.org/italia/data/identifiers/cities-identifiers/alphanumeric-istat-code/089018,6906,89018,13189145.3843,16265.9652668,SR,Libero consorzio di comuni,17.00222953216374,511.082456140351,729.1171052631579
089019,,0,0,89,19,5,89,Sortino,,-,Siracusa,Sicilia,Isole,Siracusa,https://w3id.org/italia/data/identifiers/cities-identifiers/alphanumeric-istat-code/089019,6907,89019,92489818.2026,45316.3688305,SR,Libero consorzio di comuni,16.171918076441106,528.1382518796993,699.3718984962405
089020,,0,0,89,19,5,89,Portopalo di Capo Passero,,-,Siracusa,Sicilia,Isole,Siracusa,https://w3id.org/italia/data/identifiers/cities-identifiers/alphanumeric-istat-code/089020,6908,89020,14834034.4423,24134.2388189,SR,Libero consorzio di comuni,18.68251096491228,377.0967105263159,693.2085526315791
089021,,0,0,89,19,5,89,Priolo Gargallo,,-,Siracusa,Sicilia,Isole,Siracusa,https://w3id.org/italia/data/identifiers/cities-identifiers/alphanumeric-istat-code/089021,6909,89021,57261483.3388,39716.7314218,SR,Libero consorzio di comuni,17.65965460526316,506.55526315789484,752.3003947368421
